pkt,sample_idx,rssi,ant_array,channel,i,q
0,0,-68,1,6,-18,29
0,1,-68,1,6,-32,17
0,2,-68,1,6,-37,4
0,3,-68,1,6,-35,-11
0,4,-68,1,6,-29,-23
0,5,-68,1,6,-18,-32
0,6,-68,1,6,-6,-34
0,7,-68,1,6,8,-33
0,8,-68,1,6,18,-28
0,9,-68,1,6,27,-20
0,10,-68,1,6,31,-10
0,11,-68,1,6,34,2
0,12,-68,1,6,32,17
0,13,-68,1,6,27,28
0,14,-68,1,6,16,33
0,15,-68,1,6,5,33
0,16,-68,1,6,-9,28
0,17,-68,1,6,-21,23
0,18,-68,1,6,-32,17
0,19,-68,1,6,-39,9
0,20,-68,1,6,-42,-1
0,21,-68,1,6,-38,-13
0,22,-68,1,6,-28,-25
0,23,-68,1,6,-13,-33
0,24,-68,1,6,1,-36
0,25,-68,1,6,16,-34
0,26,-68,1,6,27,-28
0,27,-68,1,6,35,-17
0,28,-68,1,6,39,-5
0,29,-68,1,6,40,8
0,30,-68,1,6,36,19
0,31,-68,1,6,27,29
0,32,-68,1,6,14,34
0,33,-68,1,6,0,34
0,34,-68,1,6,-12,31
0,35,-68,1,6,-20,25
0,36,-68,1,6,-26,18
0,37,-68,1,6,-31,10
0,38,-68,1,6,-34,-2
0,39,-68,1,6,-33,-14
0,40,-68,1,6,-27,-27
0,41,-68,1,6,-16,-36
0,42,-68,1,6,-2,-39
0,43,-68,1,6,9,-35
0,44,-68,1,6,19,-26
0,45,-68,1,6,27,-15
0,46,-68,1,6,33,-5
0,47,-68,1,6,38,7
0,48,-68,1,6,37,18
0,49,-68,1,6,27,30
0,50,-68,1,6,12,38
0,51,-68,1,6,-5,38
0,52,-68,1,6,-17,33
0,53,-68,1,6,-25,22
0,54,-68,1,6,-29,13
0,55,-68,1,6,-30,2
0,56,-68,1,6,-27,-10
0,57,-68,1,6,-22,-22
0,58,-68,1,6,-11,-33
0,59,-68,1,6,1,-36
0,60,-68,1,6,14,-29
0,61,-68,1,6,23,-18
0,62,-68,1,6,30,-4
0,63,-68,1,6,35,8
0,64,-68,1,6,35,22
0,65,-68,1,6,29,32
0,66,-68,1,6,15,39
0,67,-68,1,6,-3,39
0,68,-68,1,6,-17,34
0,69,-68,1,6,-29,26
0,70,-68,1,6,-34,17
0,71,-68,1,6,-37,6
0,72,-68,1,6,-35,-4
0,73,-68,1,6,-29,-17
0,74,-68,1,6,-23,-26
0,75,-68,1,6,-16,-32
0,76,-68,1,6,-8,-34
0,77,-68,1,6,4,-35
0,78,-68,1,6,18,-32
0,79,-68,1,6,28,-24
0,80,-68,1,6,32,-10
0,81,-68,1,6,29,3
0,82,-68,1,6,23,16
0,83,-68,1,6,16,23
0,84,-68,1,6,7,28
0,85,-68,1,6,-3,30
0,86,-68,1,6,-16,30
0,87,-68,1,6,-27,25
0,88,-68,1,6,-35,17
0,89,-68,1,6,-38,5
0,90,-68,1,6,-37,-7
0,91,-68,1,6,-33,-19
0,92,-68,1,6,-27,-27
0,93,-68,1,6,-18,-33
0,94,-68,1,6,-6,-35
0,95,-68,1,6,11,-33
0,96,-68,1,6,27,-25
0,97,-68,1,6,41,-12
0,98,-68,1,6,46,3
0,99,-68,1,6,42,19
0,100,-68,1,6,31,29
0,101,-68,1,6,19,34
0,102,-68,1,6,5,36
0,103,-68,1,6,-7,34
0,104,-68,1,6,-19,27
0,105,-68,1,6,-28,19
0,106,-68,1,6,-33,7
0,107,-68,1,6,-34,-4
0,108,-68,1,6,-33,-16
0,109,-68,1,6,-27,-26
0,110,-68,1,6,-14,-33
0,111,-68,1,6,0,-33
0,112,-68,1,6,15,-30
0,113,-68,1,6,26,-22
0,114,-68,1,6,31,-15
0,115,-68,1,6,33,-6
0,116,-68,1,6,33,4
0,117,-68,1,6,27,16
0,118,-68,1,6,20,25
0,119,-68,1,6,8,30
0,120,-68,1,6,-4,31
0,121,-68,1,6,-15,28
0,122,-68,1,6,-23,23
0,123,-68,1,6,-29,13
0,124,-68,1,6,-32,0
0,125,-68,1,6,-29,-14
0,126,-68,1,6,-21,-26
0,127,-68,1,6,-10,-32
0,128,-68,1,6,2,-32
0,129,-68,1,6,11,-26
0,130,-68,1,6,19,-19
0,131,-68,1,6,25,-14
0,132,-68,1,6,30,-9
0,133,-68,1,6,33,-2
0,134,-68,1,6,33,12
0,135,-68,1,6,26,27
0,136,-68,1,6,15,38
0,137,-68,1,6,-1,43
0,138,-68,1,6,-12,39
0,139,-68,1,6,-22,29
0,140,-68,1,6,-28,19
0,141,-68,1,6,-31,8
0,142,-68,1,6,-31,-4
0,143,-68,1,6,-29,-17
0,144,-68,1,6,-23,-28
0,145,-68,1,6,-12,-36
0,146,-68,1,6,3,-38
0,147,-68,1,6,18,-34
0,148,-68,1,6,31,-23
0,149,-68,1,6,38,-11
0,150,-68,1,6,39,2
0,151,-68,1,6,35,11
0,152,-68,1,6,28,20
0,153,-68,1,6,19,26
0,154,-68,1,6,6,32
0,155,-68,1,6,-7,34
0,156,-68,1,6,-19,31
0,157,-68,1,6,-27,22
0,158,-68,1,6,-30,11
0,159,-68,1,6,-31,-3
0,160,-68,1,6,-29,-14
0,161,-68,1,6,-24,-24
0,162,-68,1,6,-15,-30
0,163,-68,1,6,-1,-34
0,164,-68,1,6,12,-35
0,165,-68,1,6,25,-29
0,166,-68,1,6,32,-19
0,167,-68,1,6,34,-4
0,168,-68,1,6,30,10
0,169,-68,1,6,24,18
0,170,-68,1,6,16,23
0,171,-68,1,6,7,27
0,172,-68,1,6,-3,28
0,173,-68,1,6,-13,29
0,174,-68,1,6,-24,24
0,175,-68,1,6,-32,16
0,176,-68,1,6,-36,2
0,177,-68,1,6,-35,-12
0,178,-68,1,6,-28,-26
0,179,-68,1,6,-16,-32
0,180,-68,1,6,-3,-32
0,181,-68,1,6,11,-28
0,182,-68,1,6,21,-23
0,183,-68,1,6,28,-18
0,184,-68,1,6,33,-11
0,185,-68,1,6,37,-1
0,186,-68,1,6,37,9
0,187,-68,1,6,34,19
0,188,-68,1,6,25,29
0,189,-68,1,6,9,37
0,190,-68,1,6,-9,39
0,191,-68,1,6,-22,33
0,192,-68,1,6,-32,20
0,193,-68,1,6,-36,7
0,194,-68,1,6,-37,-6
0,195,-68,1,6,-34,-17
0,196,-68,1,6,-25,-27
0,197,-68,1,6,-12,-35
0,198,-68,1,6,4,-38
0,199,-68,1,6,16,-34
0,200,-68,1,6,26,-25
0,201,-68,1,6,31,-13
0,202,-68,1,6,35,-2
0,203,-68,1,6,34,12
0,204,-68,1,6,29,24
0,205,-68,1,6,16,36
0,206,-68,1,6,1,42
0,207,-68,1,6,-15,40
0,208,-68,1,6,-26,32
0,209,-68,1,6,-35,16
0,210,-68,1,6,-38,0
0,211,-68,1,6,-35,-14
0,212,-68,1,6,-27,-24
0,213,-68,1,6,-16,-27
0,214,-68,1,6,-3,-28
0,215,-68,1,6,10,-30
0,216,-68,1,6,24,-30
0,217,-68,1,6,33,-26
0,218,-68,1,6,38,-13
0,219,-68,1,6,39,1
0,220,-68,1,6,35,16
0,221,-68,1,6,28,25
0,222,-68,1,6,18,30
0,223,-68,1,6,5,31
0,224,-68,1,6,-7,31
0,225,-68,1,6,-18,27
0,226,-68,1,6,-26,21
0,227,-68,1,6,-31,10
0,228,-68,1,6,-33,0
0,229,-68,1,6,-32,-13
0,230,-68,1,6,-27,-23
0,231,-68,1,6,-16,-32
0,232,-68,1,6,-4,-36
0,233,-68,1,6,10,-35
0,234,-68,1,6,22,-30
0,235,-68,1,6,29,-21
0,236,-68,1,6,34,-9
0,237,-68,1,6,35,3
0,238,-68,1,6,31,15
0,239,-68,1,6,24,24
0,240,-68,1,6,15,29
0,241,-68,1,6,5,31
0,242,-68,1,6,-10,29
0,243,-68,1,6,-23,24
0,244,-68,1,6,-36,17
0,245,-68,1,6,-43,6
0,246,-68,1,6,-41,-5
0,247,-68,1,6,-32,-17
0,248,-68,1,6,-21,-26
0,249,-68,1,6,-8,-31
0,250,-68,1,6,1,-32
0,251,-68,1,6,11,-28
0,252,-68,1,6,19,-22
0,253,-68,1,6,26,-12
0,254,-68,1,6,29,0
0,255,-68,1,6,29,15
0,256,-68,1,6,23,27
0,257,-68,1,6,15,34
0,258,-68,1,6,3,34
0,259,-68,1,6,-8,29
0,260,-68,1,6,-20,22
0,261,-68,1,6,-30,16
0,262,-68,1,6,-38,7
0,263,-68,1,6,-42,-4
0,264,-68,1,6,-39,-17
0,265,-68,1,6,-32,-27
0,266,-68,1,6,-18,-33
0,267,-68,1,6,-3,-36
0,268,-68,1,6,10,-34
0,269,-68,1,6,20,-28
0,270,-68,1,6,26,-18
0,271,-68,1,6,30,-5
0,272,-68,1,6,32,6
0,273,-68,1,6,30,17
0,274,-68,1,6,25,24
0,275,-68,1,6,14,29
0,276,-68,1,6,2,31
0,277,-68,1,6,-12,30
0,278,-68,1,6,-23,25
0,279,-68,1,6,-29,19
0,280,-68,1,6,-32,11
0,281,-68,1,6,-29,1
0,282,-68,1,6,-24,-11
0,283,-68,1,6,-19,-20
0,284,-68,1,6,-11,-29
0,285,-68,1,6,-3,-32
0,286,-68,1,6,8,-32
0,287,-68,1,6,20,-28
0,288,-68,1,6,32,-16
0,289,-68,1,6,37,-3
0,290,-68,1,6,34,8
0,291,-68,1,6,24,17
0,292,-68,1,6,15,22
0,293,-68,1,6,8,26
0,294,-68,1,6,1,27
0,295,-68,1,6,-11,25
0,296,-68,1,6,-23,19
0,297,-68,1,6,-34,8
0,298,-68,1,6,-37,-6
0,299,-68,1,6,-33,-20
0,300,-68,1,6,-24,-32
0,301,-68,1,6,-14,-36
0,302,-68,1,6,-1,-36
0,303,-68,1,6,10,-33
0,304,-68,1,6,24,-27
0,305,-68,1,6,34,-19
0,306,-68,1,6,40,-6
0,307,-68,1,6,38,7
0,308,-68,1,6,29,22
0,309,-68,1,6,17,30
0,310,-68,1,6,2,33
0,311,-68,1,6,-11,30
0,312,-68,1,6,-19,26
0,313,-68,1,6,-25,19
0,314,-68,1,6,-29,13
0,315,-68,1,6,-33,2
0,316,-68,1,6,-32,-9
0,317,-68,1,6,-25,-23
0,318,-68,1,6,-14,-34
0,319,-68,1,6,0,-37
0,320,-68,1,6,12,-32
0,321,-68,1,6,21,-21
0,322,-68,1,6,27,-11
0,323,-68,1,6,31,-4
0,324,-68,1,6,32,5
0,325,-68,1,6,30,15
0,326,-68,1,6,21,27
0,327,-68,1,6,10,33
0,328,-68,1,6,-4,34
0,329,-68,1,6,-15,30
0,330,-68,1,6,-25,23
0,331,-68,1,6,-32,16
0,332,-68,1,6,-36,6
0,333,-68,1,6,-36,-6
0,334,-68,1,6,-32,-19
0,335,-68,1,6,-21,-31
0,336,-68,1,6,-8,-37
0,337,-68,1,6,8,-37
0,338,-68,1,6,20,-30
0,339,-68,1,6,30,-19
0,340,-68,1,6,35,-8
0,341,-68,1,6,36,4
0,342,-68,1,6,33,13
0,343,-68,1,6,24,21
0,344,-68,1,6,11,27
0,345,-68,1,6,-1,32
0,346,-68,1,6,-14,35
0,347,-68,1,6,-24,33
0,348,-68,1,6,-34,24
0,349,-68,1,6,-40,11
0,350,-68,1,6,-40,-7
0,351,-68,1,6,-36,-19
0,352,-68,1,6,-24,-28
0,353,-68,1,6,-13,-31
0,354,-68,1,6,-1,-30
0,355,-68,1,6,10,-26
0,356,-68,1,6,19,-21
0,357,-68,1,6,28,-13
0,358,-68,1,6,35,-4
0,359,-68,1,6,36,6
0,360,-68,1,6,32,14
0,361,-68,1,6,22,22
0,362,-68,1,6,10,26
0,363,-68,1,6,-5,30
0,364,-68,1,6,-17,32
0,365,-68,1,6,-28,28
0,366,-68,1,6,-34,17
0,367,-68,1,6,-36,2
0,368,-68,1,6,-34,-14
0,369,-68,1,6,-29,-25
0,370,-68,1,6,-20,-32
0,371,-68,1,6,-10,-34
0,372,-68,1,6,5,-33
0,373,-68,1,6,17,-31
0,374,-68,1,6,27,-25
0,375,-68,1,6,32,-16
0,376,-68,1,6,34,-4
0,377,-68,1,6,31,11
0,378,-68,1,6,25,24
0,379,-68,1,6,14,36
0,380,-68,1,6,1,40
0,381,-68,1,6,-15,36
0,382,-68,1,6,-27,28
0,383,-68,1,6,-32,17
0,384,-68,1,6,-32,7
0,385,-68,1,6,-28,-2
0,386,-68,1,6,-25,-12
0,387,-68,1,6,-22,-26
0,388,-68,1,6,-15,-37
0,389,-68,1,6,-3,-41
0,390,-68,1,6,13,-37
0,391,-68,1,6,25,-27
0,392,-68,1,6,35,-14
0,393,-68,1,6,37,-2
0,394,-68,1,6,32,12
0,395,-68,1,6,24,23
0,396,-68,1,6,11,32
0,397,-68,1,6,1,35
0,398,-68,1,6,-8,34
0,399,-68,1,6,-16,28
0,400,-68,1,6,-23,18
0,401,-68,1,6,-29,7
0,402,-68,1,6,-31,-3
0,403,-68,1,6,-29,-13
0,404,-68,1,6,-23,-20
0,405,-68,1,6,-12,-28
0,406,-68,1,6,-1,-33
0,407,-68,1,6,15,-32
0,408,-68,1,6,27,-25
0,409,-68,1,6,34,-13
0,410,-68,1,6,36,-1
0,411,-68,1,6,31,12
0,412,-68,1,6,23,22
0,413,-68,1,6,14,31
0,414,-68,1,6,3,37
0,415,-68,1,6,-7,39
0,416,-68,1,6,-17,34
0,417,-68,1,6,-24,25
0,418,-68,1,6,-30,9
0,419,-68,1,6,-32,-6
0,420,-68,1,6,-31,-20
0,421,-68,1,6,-28,-29
0,422,-68,1,6,-21,-35
0,423,-68,1,6,-9,-38
0,424,-68,1,6,7,-35
0,425,-68,1,6,23,-27
0,426,-68,1,6,31,-16
0,427,-68,1,6,34,-3
0,428,-68,1,6,31,6
0,429,-68,1,6,25,16
0,430,-68,1,6,17,24
0,431,-68,1,6,7,30
0,432,-68,1,6,-4,32
0,433,-68,1,6,-17,30
0,434,-68,1,6,-28,23
0,435,-68,1,6,-35,13
0,436,-68,1,6,-38,1
0,437,-68,1,6,-36,-10
0,438,-68,1,6,-28,-20
0,439,-68,1,6,-16,-28
0,440,-68,1,6,0,-34
0,441,-68,1,6,13,-37
0,442,-68,1,6,25,-33
0,443,-68,1,6,31,-26
0,444,-68,1,6,33,-12
0,445,-68,1,6,32,3
0,446,-68,1,6,30,17
0,447,-68,1,6,24,28
0,448,-68,1,6,14,35
0,449,-68,1,6,1,36
0,450,-68,1,6,-12,31
0,451,-68,1,6,-24,21
0,452,-68,1,6,-29,13
0,453,-68,1,6,-33,6
0,454,-68,1,6,-35,-1
0,455,-68,1,6,-34,-13
0,456,-68,1,6,-29,-27
0,457,-68,1,6,-18,-36
0,458,-68,1,6,-4,-39
0,459,-68,1,6,8,-36
0,460,-68,1,6,18,-27
0,461,-68,1,6,25,-18
0,462,-68,1,6,29,-6
0,463,-68,1,6,31,6
0,464,-68,1,6,28,19
0,465,-68,1,6,20,29
0,466,-68,1,6,6,35
0,467,-68,1,6,-11,35
0,468,-68,1,6,-23,30
0,469,-68,1,6,-32,20
0,470,-68,1,6,-36,9
0,471,-68,1,6,-36,-4
0,472,-68,1,6,-31,-15
0,473,-68,1,6,-22,-25
0,474,-68,1,6,-13,-31
0,475,-68,1,6,-1,-35
0,476,-68,1,6,10,-34
0,477,-68,1,6,21,-28
0,478,-68,1,6,32,-16
0,479,-68,1,6,37,-3
0,480,-68,1,6,37,13
0,481,-68,1,6,32,23
0,482,-68,1,6,22,28
0,483,-68,1,6,11,30
0,484,-68,1,6,-2,33
0,485,-68,1,6,-12,34
0,486,-68,1,6,-23,29
0,487,-68,1,6,-29,20
0,488,-68,1,6,-32,5
0,489,-68,1,6,-30,-11
0,490,-68,1,6,-24,-22
0,491,-68,1,6,-15,-32
0,492,-68,1,6,-3,-36
0,493,-68,1,6,10,-36
0,494,-68,1,6,20,-30
0,495,-68,1,6,28,-20
0,496,-68,1,6,32,-8
0,497,-68,1,6,35,5
0,498,-68,1,6,32,16
0,499,-68,1,6,26,27
0,500,-68,1,6,15,33
0,501,-68,1,6,3,35
0,502,-68,1,6,-11,34
0,503,-68,1,6,-22,29
0,504,-68,1,6,-32,20
0,505,-68,1,6,-36,9
0,506,-68,1,6,-35,-6
0,507,-68,1,6,-28,-18
0,508,-68,1,6,-16,-29
0,509,-68,1,6,-5,-34
0,510,-68,1,6,6,-34
1,0,-51,2,21,268,0
1,1,-51,2,21,231,95
1,2,-51,2,21,178,179
1,3,-51,2,21,105,239
1,4,-51,2,21,9,265
1,5,-51,2,21,-80,252
1,6,-51,2,21,-169,198
1,7,-51,2,21,-228,124
1,8,-51,2,21,-259,33
1,9,-51,2,21,-253,-73
1,10,-51,2,21,-212,-157
1,11,-51,2,21,-136,-226
1,12,-51,2,21,-50,-256
1,13,-51,2,21,42,-255
1,14,-51,2,21,138,-220
1,15,-51,2,21,207,-164
1,16,-51,2,21,255,-82
1,17,-51,2,21,267,1
1,18,-51,2,21,248,86
1,19,-51,2,21,193,171
1,20,-51,2,21,120,227
1,21,-51,2,21,30,256
1,22,-51,2,21,-75,248
1,23,-51,2,21,-157,209
1,24,-51,2,21,-225,136
1,25,-51,2,21,-259,57
1,26,-51,2,21,-263,-27
1,27,-51,2,21,-234,-117
1,28,-51,2,21,-182,-185
1,29,-51,2,21,-100,-239
1,30,-51,2,21,-15,-258
1,31,-51,2,21,73,-248
1,32,-51,2,21,160,-203
1,33,-51,2,21,220,-139
1,34,-51,2,21,254,-58
1,35,-51,2,21,257,39
1,36,-51,2,21,226,121
1,37,-51,2,21,161,198
1,38,-51,2,21,80,243
1,39,-51,2,21,-11,260
1,40,-51,2,21,-111,238
1,41,-51,2,21,-187,186
1,42,-51,2,21,-244,97
1,43,-51,2,21,-265,6
1,44,-51,2,21,-252,-84
1,45,-51,2,21,-201,-169
1,46,-51,2,21,-132,-224
1,47,-51,2,21,-48,-256
1,48,-51,2,21,52,-258
1,49,-51,2,21,133,-230
1,50,-51,2,21,205,-166
1,51,-51,2,21,246,-87
1,52,-51,2,21,262,1
1,53,-51,2,21,244,99
1,54,-51,2,21,199,174
1,55,-51,2,21,120,235
1,56,-51,2,21,36,261
1,57,-51,2,21,-52,260
1,58,-51,2,21,-143,225
1,59,-51,2,21,-207,166
1,60,-51,2,21,-251,89
1,61,-51,2,21,-266,-9
1,62,-51,2,21,-250,-93
1,63,-51,2,21,-195,-175
1,64,-51,2,21,-122,-229
1,65,-51,2,21,-35,-257
1,66,-51,2,21,65,-255
1,67,-51,2,21,144,-223
1,68,-51,2,21,211,-154
1,69,-51,2,21,246,-71
1,70,-51,2,21,253,23
1,71,-51,2,21,227,124
1,72,-51,2,21,173,196
1,73,-51,2,21,96,244
1,74,-51,2,21,-7,263
1,75,-51,2,21,-99,246
1,76,-51,2,21,-188,192
1,77,-51,2,21,-241,116
1,78,-51,2,21,-264,25
1,79,-51,2,21,-252,-82
1,80,-51,2,21,-207,-166
1,81,-51,2,21,-124,-233
1,82,-51,2,21,-34,-263
1,83,-51,2,21,60,-260
1,84,-51,2,21,153,-217
1,85,-51,2,21,215,-152
1,86,-51,2,21,252,-69
1,87,-51,2,21,258,33
1,88,-51,2,21,234,119
1,89,-51,2,21,175,197
1,90,-51,2,21,101,242
1,91,-51,2,21,16,259
1,92,-51,2,21,-81,247
1,93,-51,2,21,-157,209
1,94,-51,2,21,-222,142
1,95,-51,2,21,-252,63
1,96,-51,2,21,-255,-26
1,97,-51,2,21,-225,-125
1,98,-51,2,21,-171,-199
1,99,-51,2,21,-97,-249
1,100,-51,2,21,2,-270
1,101,-51,2,21,92,-252
1,102,-51,2,21,178,-196
1,103,-51,2,21,234,-123
1,104,-51,2,21,261,-39
1,105,-51,2,21,255,56
1,106,-51,2,21,222,134
1,107,-51,2,21,156,203
1,108,-51,2,21,82,245
1,109,-51,2,21,0,264
1,110,-51,2,21,-90,252
1,111,-51,2,21,-161,210
1,112,-51,2,21,-220,132
1,113,-51,2,21,-248,45
1,114,-51,2,21,-250,-46
1,115,-51,2,21,-219,-141
1,116,-51,2,21,-165,-208
1,117,-51,2,21,-92,-252
1,118,-51,2,21,4,-273
1,119,-51,2,21,91,-261
1,120,-51,2,21,178,-214
1,121,-51,2,21,233,-143
1,122,-51,2,21,261,-53
1,123,-51,2,21,256,55
1,124,-51,2,21,221,143
1,125,-51,2,21,147,218
1,126,-51,2,21,62,255
1,127,-51,2,21,-32,259
1,128,-51,2,21,-129,224
1,129,-51,2,21,-196,164
1,130,-51,2,21,-238,84
1,131,-51,2,21,-251,-18
1,132,-51,2,21,-230,-105
1,133,-51,2,21,-174,-187
1,134,-51,2,21,-100,-237
1,135,-51,2,21,-11,-258
1,136,-51,2,21,92,-247
1,137,-51,2,21,173,-202
1,138,-51,2,21,238,-123
1,139,-51,2,21,266,-38
1,140,-51,2,21,264,51
1,141,-51,2,21,230,142
1,142,-51,2,21,175,205
1,143,-51,2,21,102,245
1,144,-51,2,21,7,259
1,145,-51,2,21,-79,243
1,146,-51,2,21,-164,193
1,147,-51,2,21,-220,126
1,148,-51,2,21,-250,41
1,149,-51,2,21,-246,-60
1,150,-51,2,21,-213,-144
1,151,-51,2,21,-144,-219
1,152,-51,2,21,-64,-257
1,153,-51,2,21,27,-264
1,154,-51,2,21,127,-232
1,155,-51,2,21,200,-171
1,156,-51,2,21,247,-90
1,157,-51,2,21,261,13
1,158,-51,2,21,239,102
1,159,-51,2,21,182,188
1,160,-51,2,21,110,241
1,161,-51,2,21,27,264
1,162,-51,2,21,-71,254
1,163,-51,2,21,-151,213
1,164,-51,2,21,-221,141
1,165,-51,2,21,-258,62
1,166,-51,2,21,-264,-23
1,167,-51,2,21,-231,-116
1,168,-51,2,21,-174,-188
1,169,-51,2,21,-97,-239
1,170,-51,2,21,0,-263
1,171,-51,2,21,85,-251
1,172,-51,2,21,171,-200
1,173,-51,2,21,228,-128
1,174,-51,2,21,259,-38
1,175,-51,2,21,256,69
1,176,-51,2,21,218,154
1,177,-51,2,21,139,224
1,178,-51,2,21,50,255
1,179,-51,2,21,-43,255
1,180,-51,2,21,-138,221
1,181,-51,2,21,-203,164
1,182,-51,2,21,-245,86
1,183,-51,2,21,-262,-15
1,184,-51,2,21,-245,-107
1,185,-51,2,21,-190,-191
1,186,-51,2,21,-118,-241
1,187,-51,2,21,-34,-262
1,188,-51,2,21,63,-252
1,189,-51,2,21,143,-217
1,190,-51,2,21,213,-150
1,191,-51,2,21,253,-73
1,192,-51,2,21,262,13
1,193,-51,2,21,235,109
1,194,-51,2,21,183,180
1,195,-51,2,21,115,229
1,196,-51,2,21,27,257
1,197,-51,2,21,-53,253
1,198,-51,2,21,-140,219
1,199,-51,2,21,-206,161
1,200,-51,2,21,-248,83
1,201,-51,2,21,-261,-19
1,202,-51,2,21,-238,-105
1,203,-51,2,21,-179,-188
1,204,-51,2,21,-107,-237
1,205,-51,2,21,-25,-262
1,206,-51,2,21,68,-255
1,207,-51,2,21,142,-219
1,208,-51,2,21,208,-147
1,209,-51,2,21,246,-66
1,210,-51,2,21,257,21
1,211,-51,2,21,235,112
1,212,-51,2,21,186,179
1,213,-51,2,21,112,228
1,214,-51,2,21,13,255
1,215,-51,2,21,-77,251
1,216,-51,2,21,-168,211
1,217,-51,2,21,-228,149
1,218,-51,2,21,-262,68
1,219,-51,2,21,-265,-33
1,220,-51,2,21,-235,-120
1,221,-51,2,21,-169,-200
1,222,-51,2,21,-91,-245
1,223,-51,2,21,-3,-261
1,224,-51,2,21,96,-243
1,225,-51,2,21,173,-194
1,226,-51,2,21,230,-122
1,227,-51,2,21,259,-22
1,228,-51,2,21,251,69
1,229,-51,2,21,208,160
1,230,-51,2,21,147,220
1,231,-51,2,21,74,256
1,232,-51,2,21,-16,261
1,233,-51,2,21,-97,236
1,234,-51,2,21,-178,175
1,235,-51,2,21,-231,98
1,236,-51,2,21,-254,7
1,237,-51,2,21,-238,-97
1,238,-51,2,21,-187,-176
1,239,-51,2,21,-108,-231
1,240,-51,2,21,-3,-257
1,241,-51,2,21,89,-244
1,242,-51,2,21,178,-194
1,243,-51,2,21,233,-120
1,244,-51,2,21,259,-29
1,245,-51,2,21,250,80
1,246,-51,2,21,203,165
1,247,-51,2,21,119,230
1,248,-51,2,21,32,257
1,249,-51,2,21,-55,255
1,250,-51,2,21,-141,221
1,251,-51,2,21,-202,166
1,252,-51,2,21,-243,92
1,253,-51,2,21,-260,-7
1,254,-51,2,21,-246,-96
1,255,-51,2,21,-195,-181
1,256,-51,2,21,-126,-234
1,257,-51,2,21,-42,-261
1,258,-51,2,21,58,-256
1,259,-51,2,21,141,-220
1,260,-51,2,21,215,-150
1,261,-51,2,21,254,-66
1,262,-51,2,21,262,26
1,263,-51,2,21,235,124
1,264,-51,2,21,179,194
1,265,-51,2,21,103,239
1,266,-51,2,21,3,259
1,267,-51,2,21,-87,245
1,268,-51,2,21,-173,197
1,269,-51,2,21,-228,134
1,270,-51,2,21,-259,57
1,271,-51,2,21,-261,-37
1,272,-51,2,21,-235,-117
1,273,-51,2,21,-175,-192
1,274,-51,2,21,-100,-237
1,275,-51,2,21,-13,-256
1,276,-51,2,21,85,-244
1,277,-51,2,21,161,-204
1,278,-51,2,21,218,-139
1,279,-51,2,21,252,-45
1,280,-51,2,21,253,46
1,281,-51,2,21,218,141
1,282,-51,2,21,160,206
1,283,-51,2,21,82,245
1,284,-51,2,21,-16,256
1,285,-51,2,21,-103,236
1,286,-51,2,21,-188,186
1,287,-51,2,21,-240,120
1,288,-51,2,21,-264,38
1,289,-51,2,21,-256,-61
1,290,-51,2,21,-222,-142
1,291,-51,2,21,-166,-207
1,292,-51,2,21,-79,-250
1,293,-51,2,21,12,-258
1,294,-51,2,21,115,-229
1,295,-51,2,21,192,-175
1,296,-51,2,21,244,-101
1,297,-51,2,21,265,-4
1,298,-51,2,21,249,82
1,299,-51,2,21,198,169
1,300,-51,2,21,130,226
1,301,-51,2,21,47,258
1,302,-51,2,21,-52,256
1,303,-51,2,21,-136,221
1,304,-51,2,21,-216,150
1,305,-51,2,21,-260,68
1,306,-51,2,21,-273,-22
1,307,-51,2,21,-246,-119
1,308,-51,2,21,-187,-191
1,309,-51,2,21,-107,-243
1,310,-51,2,21,-7,-266
1,311,-51,2,21,80,-255
1,312,-51,2,21,165,-208
1,313,-51,2,21,222,-142
1,314,-51,2,21,255,-61
1,315,-51,2,21,257,39
1,316,-51,2,21,226,126
1,317,-51,2,21,159,208
1,318,-51,2,21,80,254
1,319,-51,2,21,-10,267
1,320,-51,2,21,-111,241
1,321,-51,2,21,-187,186
1,322,-51,2,21,-239,108
1,323,-51,2,21,-261,7
1,324,-51,2,21,-245,-83
1,325,-51,2,21,-192,-170
1,326,-51,2,21,-120,-225
1,327,-51,2,21,-33,-252
1,328,-51,2,21,69,-247
1,329,-51,2,21,152,-210
1,330,-51,2,21,220,-139
1,331,-51,2,21,255,-63
1,332,-51,2,21,263,18
1,333,-51,2,21,240,104
1,334,-51,2,21,193,170
1,335,-51,2,21,123,220
1,336,-51,2,21,26,251
1,337,-51,2,21,-65,251
1,338,-51,2,21,-157,213
1,339,-51,2,21,-219,149
1,340,-51,2,21,-255,67
1,341,-51,2,21,-260,-34
1,342,-51,2,21,-232,-117
1,343,-51,2,21,-171,-193
1,344,-51,2,21,-97,-237
1,345,-51,2,21,-13,-257
1,346,-51,2,21,81,-249
1,347,-51,2,21,156,-211
1,348,-51,2,21,215,-149
1,349,-51,2,21,253,-57
1,350,-51,2,21,254,35
1,351,-51,2,21,214,136
1,352,-51,2,21,150,208
1,353,-51,2,21,68,254
1,354,-51,2,21,-34,266
1,355,-51,2,21,-119,240
1,356,-51,2,21,-196,176
1,357,-51,2,21,-244,100
1,358,-51,2,21,-268,15
1,359,-51,2,21,-260,-79
1,360,-51,2,21,-220,-154
1,361,-51,2,21,-153,-213
1,362,-51,2,21,-55,-251
1,363,-51,2,21,40,-255
1,364,-51,2,21,137,-225
1,365,-51,2,21,205,-167
1,366,-51,2,21,249,-89
1,367,-51,2,21,264,11
1,368,-51,2,21,245,97
1,369,-51,2,21,190,181
1,370,-51,2,21,116,232
1,371,-51,2,21,30,258
1,372,-51,2,21,-68,249
1,373,-51,2,21,-146,213
1,374,-51,2,21,-209,150
1,375,-51,2,21,-250,58
1,376,-51,2,21,-256,-32
1,377,-51,2,21,-224,-128
1,378,-51,2,21,-166,-197
1,379,-51,2,21,-93,-243
1,380,-51,2,21,-1,-262
1,381,-51,2,21,79,-247
1,382,-51,2,21,158,-197
1,383,-51,2,21,213,-127
1,384,-51,2,21,247,-42
1,385,-51,2,21,252,56
1,386,-51,2,21,225,135
1,387,-51,2,21,172,199
1,388,-51,2,21,90,247
1,389,-51,2,21,5,263
1,390,-51,2,21,-90,249
1,391,-51,2,21,-165,204
1,392,-51,2,21,-223,135
1,393,-51,2,21,-257,41
1,394,-51,2,21,-258,-45
1,395,-51,2,21,-223,-133
1,396,-51,2,21,-165,-199
1,397,-51,2,21,-87,-245
1,398,-51,2,21,11,-265
1,399,-51,2,21,96,-249
1,400,-51,2,21,176,-192
1,401,-51,2,21,226,-114
1,402,-51,2,21,251,-22
1,403,-51,2,21,243,81
1,404,-51,2,21,203,161
1,405,-51,2,21,136,221
1,406,-51,2,21,39,257
1,407,-51,2,21,-51,257
1,408,-51,2,21,-143,222
1,409,-51,2,21,-207,162
1,410,-51,2,21,-249,82
1,411,-51,2,21,-264,-19
1,412,-51,2,21,-242,-109
1,413,-51,2,21,-177,-193
1,414,-51,2,21,-94,-244
1,415,-51,2,21,1,-265
1,416,-51,2,21,103,-249
1,417,-51,2,21,177,-201
1,418,-51,2,21,229,-128
1,419,-51,2,21,256,-27
1,420,-51,2,21,250,64
1,421,-51,2,21,208,157
1,422,-51,2,21,143,218
1,423,-51,2,21,61,254
1,424,-51,2,21,-41,258
1,425,-51,2,21,-127,228
1,426,-51,2,21,-206,161
1,427,-51,2,21,-246,79
1,428,-51,2,21,-255,-12
1,429,-51,2,21,-231,-112
1,430,-51,2,21,-184,-186
1,431,-51,2,21,-122,-239
1,432,-51,2,21,-40,-269
1,433,-51,2,21,43,-263
1,434,-51,2,21,136,-219
1,435,-51,2,21,207,-156
1,436,-51,2,21,255,-75
1,437,-51,2,21,272,19
1,438,-51,2,21,255,98
1,439,-51,2,21,203,172
1,440,-51,2,21,135,221
1,441,-51,2,21,52,248
1,442,-51,2,21,-50,247
1,443,-51,2,21,-136,215
1,444,-51,2,21,-206,157
1,445,-51,2,21,-252,68
1,446,-51,2,21,-258,-21
1,447,-51,2,21,-227,-121
1,448,-51,2,21,-168,-196
1,449,-51,2,21,-89,-248
1,450,-51,2,21,11,-269
1,451,-51,2,21,99,-249
1,452,-51,2,21,186,-192
1,453,-51,2,21,243,-118
1,454,-51,2,21,271,-33
1,455,-51,2,21,265,63
1,456,-51,2,21,228,143
1,457,-51,2,21,165,208
1,458,-51,2,21,75,252
1,459,-51,2,21,-11,262
1,460,-51,2,21,-105,237
1,461,-51,2,21,-177,191
1,462,-51,2,21,-231,126
1,463,-51,2,21,-265,38
1,464,-51,2,21,-267,-46
1,465,-51,2,21,-236,-135
1,466,-51,2,21,-179,-200
1,467,-51,2,21,-99,-244
1,468,-51,2,21,5,-259
1,469,-51,2,21,99,-240
1,470,-51,2,21,178,-191
1,471,-51,2,21,240,-111
1,472,-51,2,21,262,-26
1,473,-51,2,21,253,74
1,474,-51,2,21,216,155
1,475,-51,2,21,154,217
1,476,-51,2,21,58,252
1,477,-51,2,21,-38,248
1,478,-51,2,21,-142,204
1,479,-51,2,21,-214,137
1,480,-51,2,21,-254,53
1,481,-51,2,21,-254,-48
1,482,-51,2,21,-217,-133
1,483,-51,2,21,-154,-202
1,484,-51,2,21,-63,-249
1,485,-51,2,21,24,-258
1,486,-51,2,21,116,-232
1,487,-51,2,21,184,-182
1,488,-51,2,21,233,-112
1,489,-51,2,21,259,-20
1,490,-51,2,21,252,66
1,491,-51,2,21,210,157
1,492,-51,2,21,147,219
1,493,-51,2,21,67,255
1,494,-51,2,21,-30,263
1,495,-51,2,21,-114,240
1,496,-51,2,21,-192,186
1,497,-51,2,21,-240,119
1,498,-51,2,21,-263,37
1,499,-51,2,21,-252,-65
1,500,-51,2,21,-215,-152
1,501,-51,2,21,-155,-220
1,502,-51,2,21,-62,-262
1,503,-51,2,21,30,-263
1,504,-51,2,21,130,-227
1,505,-51,2,21,201,-170
1,506,-51,2,21,247,-96
1,507,-51,2,21,264,-2
1,508,-51,2,21,250,80
1,509,-51,2,21,206,164
1,510,-51,2,21,144,221
2,0,-57,1,36,92,-98
2,1,-57,1,36,126,-46
2,2,-57,1,36,134,7
2,3,-57,1,36,121,60
2,4,-57,1,36,93,98
2,5,-57,1,36,49,127
2,6,-57,1,36,5,135
2,7,-57,1,36,-45,123
2,8,-57,1,36,-83,97
2,9,-57,1,36,-112,57
2,10,-57,1,36,-124,17
2,11,-57,1,36,-122,-29
2,12,-57,1,36,-107,-70
2,13,-57,1,36,-78,-108
2,14,-57,1,36,-42,-128
2,15,-57,1,36,6,-132
2,16,-57,1,36,48,-118
2,17,-57,1,36,91,-86
2,18,-57,1,36,118,-47
2,19,-57,1,36,132,1
2,20,-57,1,36,124,45
2,21,-57,1,36,97,86
2,22,-57,1,36,59,111
2,23,-57,1,36,7,123
2,24,-57,1,36,-37,119
2,25,-57,1,36,-81,99
2,26,-57,1,36,-109,67
2,27,-57,1,36,-125,21
2,28,-57,1,36,-123,-24
2,29,-57,1,36,-100,-70
2,30,-57,1,36,-66,-101
2,31,-57,1,36,-17,-120
2,32,-57,1,36,27,-120
2,33,-57,1,36,71,-104
2,34,-57,1,36,103,-74
2,35,-57,1,36,124,-30
2,36,-57,1,36,126,13
2,37,-57,1,36,111,59
2,38,-57,1,36,83,93
2,39,-57,1,36,40,117
2,40,-57,1,36,-1,125
2,41,-57,1,36,-47,117
2,42,-57,1,36,-85,96
2,43,-57,1,36,-120,61
2,44,-57,1,36,-137,23
2,45,-57,1,36,-137,-24
2,46,-57,1,36,-118,-64
2,47,-57,1,36,-80,-100
2,48,-57,1,36,-38,-120
2,49,-57,1,36,11,-127
2,50,-57,1,36,53,-117
2,51,-57,1,36,94,-90
2,52,-57,1,36,117,-54
2,53,-57,1,36,127,-3
2,54,-57,1,36,118,45
2,55,-57,1,36,91,91
2,56,-57,1,36,55,118
2,57,-57,1,36,10,129
2,58,-57,1,36,-31,123
2,59,-57,1,36,-72,100
2,60,-57,1,36,-103,66
2,61,-57,1,36,-123,18
2,62,-57,1,36,-124,-29
2,63,-57,1,36,-105,-77
2,64,-57,1,36,-72,-106
2,65,-57,1,36,-27,-124
2,66,-57,1,36,18,-123
2,67,-57,1,36,67,-108
2,68,-57,1,36,102,-81
2,69,-57,1,36,126,-38
2,70,-57,1,36,129,5
2,71,-57,1,36,113,54
2,72,-57,1,36,88,89
2,73,-57,1,36,49,116
2,74,-57,1,36,9,128
2,75,-57,1,36,-38,125
2,76,-57,1,36,-76,108
2,77,-57,1,36,-109,72
2,78,-57,1,36,-124,31
2,79,-57,1,36,-125,-20
2,80,-57,1,36,-111,-62
2,81,-57,1,36,-80,-100
2,82,-57,1,36,-41,-122
2,83,-57,1,36,11,-130
2,84,-57,1,36,56,-119
2,85,-57,1,36,99,-87
2,86,-57,1,36,122,-45
2,87,-57,1,36,128,8
2,88,-57,1,36,120,51
2,89,-57,1,36,94,89
2,90,-57,1,36,61,112
2,91,-57,1,36,13,123
2,92,-57,1,36,-33,118
2,93,-57,1,36,-81,95
2,94,-57,1,36,-114,60
2,95,-57,1,36,-132,12
2,96,-57,1,36,-130,-32
2,97,-57,1,36,-108,-77
2,98,-57,1,36,-74,-106
2,99,-57,1,36,-27,-125
2,100,-57,1,36,17,-127
2,101,-57,1,36,64,-113
2,102,-57,1,36,97,-85
2,103,-57,1,36,120,-38
2,104,-57,1,36,127,9
2,105,-57,1,36,116,60
2,106,-57,1,36,90,97
2,107,-57,1,36,47,121
2,108,-57,1,36,1,127
2,109,-57,1,36,-51,116
2,110,-57,1,36,-90,92
2,111,-57,1,36,-118,53
2,112,-57,1,36,-127,12
2,113,-57,1,36,-120,-31
2,114,-57,1,36,-101,-76
2,115,-57,1,36,-75,-105
2,116,-57,1,36,-37,-123
2,117,-57,1,36,6,-125
2,118,-57,1,36,56,-113
2,119,-57,1,36,97,-91
2,120,-57,1,36,128,-55
2,121,-57,1,36,140,-18
2,122,-57,1,36,131,29
2,123,-57,1,36,108,69
2,124,-57,1,36,66,105
2,125,-57,1,36,20,124
2,126,-57,1,36,-34,126
2,127,-57,1,36,-77,109
2,128,-57,1,36,-112,73
2,129,-57,1,36,-126,33
2,130,-57,1,36,-126,-16
2,131,-57,1,36,-110,-56
2,132,-57,1,36,-81,-96
2,133,-57,1,36,-44,-120
2,134,-57,1,36,6,-130
2,135,-57,1,36,52,-119
2,136,-57,1,36,98,-88
2,137,-57,1,36,125,-48
2,138,-57,1,36,134,3
2,139,-57,1,36,123,48
2,140,-57,1,36,93,91
2,141,-57,1,36,54,118
2,142,-57,1,36,4,130
2,143,-57,1,36,-40,124
2,144,-57,1,36,-83,98
2,145,-57,1,36,-111,62
2,146,-57,1,36,-126,13
2,147,-57,1,36,-123,-31
2,148,-57,1,36,-104,-75
2,149,-57,1,36,-77,-105
2,150,-57,1,36,-39,-128
2,151,-57,1,36,-3,-135
2,152,-57,1,36,40,-125
2,153,-57,1,36,76,-104
2,154,-57,1,36,111,-66
2,155,-57,1,36,130,-26
2,156,-57,1,36,133,22
2,157,-57,1,36,118,63
2,158,-57,1,36,81,102
2,159,-57,1,36,38,124
2,160,-57,1,36,-15,131
2,161,-57,1,36,-61,120
2,162,-57,1,36,-104,90
2,163,-57,1,36,-126,51
2,164,-57,1,36,-131,-1
2,165,-57,1,36,-117,-49
2,166,-57,1,36,-86,-95
2,167,-57,1,36,-48,-122
2,168,-57,1,36,0,-129
2,169,-57,1,36,43,-119
2,170,-57,1,36,88,-92
2,171,-57,1,36,118,-58
2,172,-57,1,36,133,-9
2,173,-57,1,36,127,37
2,174,-57,1,36,96,84
2,175,-57,1,36,55,115
2,176,-57,1,36,3,130
2,177,-57,1,36,-40,124
2,178,-57,1,36,-82,100
2,179,-57,1,36,-111,68
2,180,-57,1,36,-128,22
2,181,-57,1,36,-129,-22
2,182,-57,1,36,-112,-69
2,183,-57,1,36,-81,-103
2,184,-57,1,36,-36,-122
2,185,-57,1,36,7,-124
2,186,-57,1,36,55,-108
2,187,-57,1,36,91,-81
2,188,-57,1,36,119,-40
2,189,-57,1,36,130,4
2,190,-57,1,36,120,54
2,191,-57,1,36,94,92
2,192,-57,1,36,51,121
2,193,-57,1,36,6,130
2,194,-57,1,36,-45,121
2,195,-57,1,36,-85,98
2,196,-57,1,36,-120,59
2,197,-57,1,36,-134,15
2,198,-57,1,36,-132,-35
2,199,-57,1,36,-112,-76
2,200,-57,1,36,-75,-110
2,201,-57,1,36,-34,-129
2,202,-57,1,36,16,-131
2,203,-57,1,36,59,-115
2,204,-57,1,36,100,-80
2,205,-57,1,36,122,-38
2,206,-57,1,36,129,11
2,207,-57,1,36,118,53
2,208,-57,1,36,91,92
2,209,-57,1,36,56,116
2,210,-57,1,36,11,127
2,211,-57,1,36,-31,120
2,212,-57,1,36,-74,98
2,213,-57,1,36,-104,66
2,214,-57,1,36,-125,23
2,215,-57,1,36,-127,-19
2,216,-57,1,36,-112,-65
2,217,-57,1,36,-84,-100
2,218,-57,1,36,-38,-126
2,219,-57,1,36,9,-134
2,220,-57,1,36,62,-121
2,221,-57,1,36,99,-95
2,222,-57,1,36,124,-52
2,223,-57,1,36,131,-8
2,224,-57,1,36,120,41
2,225,-57,1,36,98,79
2,226,-57,1,36,60,109
2,227,-57,1,36,21,124
2,228,-57,1,36,-25,125
2,229,-57,1,36,-63,112
2,230,-57,1,36,-99,81
2,231,-57,1,36,-121,39
2,232,-57,1,36,-128,-15
2,233,-57,1,36,-118,-63
2,234,-57,1,36,-87,-104
2,235,-57,1,36,-46,-126
2,236,-57,1,36,11,-131
2,237,-57,1,36,61,-117
2,238,-57,1,36,105,-83
2,239,-57,1,36,126,-42
2,240,-57,1,36,128,10
2,241,-57,1,36,112,54
2,242,-57,1,36,80,95
2,243,-57,1,36,43,119
2,244,-57,1,36,-4,128
2,245,-57,1,36,-45,121
2,246,-57,1,36,-87,98
2,247,-57,1,36,-116,67
2,248,-57,1,36,-131,22
2,249,-57,1,36,-129,-22
2,250,-57,1,36,-106,-70
2,251,-57,1,36,-71,-105
2,252,-57,1,36,-22,-128
2,253,-57,1,36,22,-132
2,254,-57,1,36,67,-115
2,255,-57,1,36,98,-87
2,256,-57,1,36,118,-50
2,257,-57,1,36,126,-3
2,258,-57,1,36,120,39
2,259,-57,1,36,99,81
2,260,-57,1,36,66,111
2,261,-57,1,36,19,130
2,262,-57,1,36,-27,130
2,263,-57,1,36,-75,111
2,264,-57,1,36,-108,79
2,265,-57,1,36,-128,32
2,266,-57,1,36,-131,-12
2,267,-57,1,36,-118,-60
2,268,-57,1,36,-94,-95
2,269,-57,1,36,-54,-121
2,270,-57,1,36,-11,-132
2,271,-57,1,36,39,-129
2,272,-57,1,36,80,-111
2,273,-57,1,36,113,-73
2,274,-57,1,36,128,-29
2,275,-57,1,36,126,24
2,276,-57,1,36,108,67
2,277,-57,1,36,73,102
2,278,-57,1,36,31,121
2,279,-57,1,36,-19,127
2,280,-57,1,36,-62,115
2,281,-57,1,36,-101,83
2,282,-57,1,36,-123,40
2,283,-57,1,36,-128,-16
2,284,-57,1,36,-117,-62
2,285,-57,1,36,-87,-101
2,286,-57,1,36,-51,-121
2,287,-57,1,36,-4,-127
2,288,-57,1,36,37,-118
2,289,-57,1,36,80,-95
2,290,-57,1,36,109,-65
2,291,-57,1,36,128,-21
2,292,-57,1,36,128,22
2,293,-57,1,36,109,69
2,294,-57,1,36,78,102
2,295,-57,1,36,31,125
2,296,-57,1,36,-16,127
2,297,-57,1,36,-69,108
2,298,-57,1,36,-107,78
2,299,-57,1,36,-131,32
2,300,-57,1,36,-133,-13
2,301,-57,1,36,-114,-61
2,302,-57,1,36,-83,-97
2,303,-57,1,36,-41,-123
2,304,-57,1,36,-2,-133
2,305,-57,1,36,41,-128
2,306,-57,1,36,74,-110
2,307,-57,1,36,106,-78
2,308,-57,1,36,126,-41
2,309,-57,1,36,133,9
2,310,-57,1,36,120,55
2,311,-57,1,36,86,100
2,312,-57,1,36,41,125
2,313,-57,1,36,-13,131
2,314,-57,1,36,-58,118
2,315,-57,1,36,-96,86
2,316,-57,1,36,-119,48
2,317,-57,1,36,-126,-2
2,318,-57,1,36,-117,-46
2,319,-57,1,36,-88,-89
2,320,-57,1,36,-51,-115
2,321,-57,1,36,0,-126
2,322,-57,1,36,46,-118
2,323,-57,1,36,89,-94
2,324,-57,1,36,116,-59
2,325,-57,1,36,131,-12
2,326,-57,1,36,127,33
2,327,-57,1,36,108,80
2,328,-57,1,36,77,111
2,329,-57,1,36,31,128
2,330,-57,1,36,-15,128
2,331,-57,1,36,-66,109
2,332,-57,1,36,-103,77
2,333,-57,1,36,-127,27
2,334,-57,1,36,-131,-19
2,335,-57,1,36,-113,-66
2,336,-57,1,36,-83,-99
2,337,-57,1,36,-41,-123
2,338,-57,1,36,-1,-131
2,339,-57,1,36,46,-124
2,340,-57,1,36,85,-100
2,341,-57,1,36,116,-57
2,342,-57,1,36,128,-11
2,343,-57,1,36,120,41
2,344,-57,1,36,96,81
2,345,-57,1,36,57,112
2,346,-57,1,36,19,126
2,347,-57,1,36,-26,125
2,348,-57,1,36,-64,109
2,349,-57,1,36,-99,77
2,350,-57,1,36,-121,40
2,351,-57,1,36,-129,-6
2,352,-57,1,36,-121,-47
2,353,-57,1,36,-94,-87
2,354,-57,1,36,-60,-110
2,355,-57,1,36,-14,-123
2,356,-57,1,36,31,-121
2,357,-57,1,36,78,-103
2,358,-57,1,36,111,-76
2,359,-57,1,36,134,-31
2,360,-57,1,36,134,16
2,361,-57,1,36,110,69
2,362,-57,1,36,73,106
2,363,-57,1,36,23,127
2,364,-57,1,36,-22,128
2,365,-57,1,36,-68,110
2,366,-57,1,36,-101,81
2,367,-57,1,36,-127,37
2,368,-57,1,36,-135,-7
2,369,-57,1,36,-125,-56
2,370,-57,1,36,-100,-92
2,371,-57,1,36,-60,-119
2,372,-57,1,36,-19,-129
2,373,-57,1,36,28,-126
2,374,-57,1,36,64,-110
2,375,-57,1,36,99,-80
2,376,-57,1,36,118,-42
2,377,-57,1,36,125,7
2,378,-57,1,36,119,50
2,379,-57,1,36,96,92
2,380,-57,1,36,63,119
2,381,-57,1,36,15,133
2,382,-57,1,36,-32,130
2,383,-57,1,36,-80,106
2,384,-57,1,36,-111,70
2,385,-57,1,36,-129,20
2,386,-57,1,36,-126,-27
2,387,-57,1,36,-107,-76
2,388,-57,1,36,-78,-109
2,389,-57,1,36,-38,-131
2,390,-57,1,36,5,-135
2,391,-57,1,36,53,-121
2,392,-57,1,36,91,-93
2,393,-57,1,36,121,-49
2,394,-57,1,36,131,-4
2,395,-57,1,36,122,45
2,396,-57,1,36,101,83
2,397,-57,1,36,63,112
2,398,-57,1,36,22,125
2,399,-57,1,36,-28,124
2,400,-57,1,36,-72,108
2,401,-57,1,36,-107,79
2,402,-57,1,36,-130,35
2,403,-57,1,36,-131,-11
2,404,-57,1,36,-112,-61
2,405,-57,1,36,-79,-98
2,406,-57,1,36,-32,-125
2,407,-57,1,36,14,-130
2,408,-57,1,36,66,-112
2,409,-57,1,36,104,-78
2,410,-57,1,36,130,-29
2,411,-57,1,36,137,18
2,412,-57,1,36,120,66
2,413,-57,1,36,86,102
2,414,-57,1,36,35,126
2,415,-57,1,36,-13,130
2,416,-57,1,36,-60,115
2,417,-57,1,36,-92,89
2,418,-57,1,36,-116,50
2,419,-57,1,36,-127,12
2,420,-57,1,36,-125,-32
2,421,-57,1,36,-107,-71
2,422,-57,1,36,-70,-107
2,423,-57,1,36,-26,-128
2,424,-57,1,36,27,-131
2,425,-57,1,36,69,-113
2,426,-57,1,36,104,-75
2,427,-57,1,36,123,-31
2,428,-57,1,36,128,20
2,429,-57,1,36,118,61
2,430,-57,1,36,88,97
2,431,-57,1,36,50,117
2,432,-57,1,36,1,123
2,433,-57,1,36,-43,114
2,434,-57,1,36,-85,90
2,435,-57,1,36,-113,58
2,436,-57,1,36,-128,12
2,437,-57,1,36,-124,-34
2,438,-57,1,36,-103,-81
2,439,-57,1,36,-72,-113
2,440,-57,1,36,-26,-133
2,441,-57,1,36,20,-130
2,442,-57,1,36,72,-108
2,443,-57,1,36,109,-76
2,444,-57,1,36,133,-29
2,445,-57,1,36,134,16
2,446,-57,1,36,111,64
2,447,-57,1,36,77,98
2,448,-57,1,36,28,120
2,449,-57,1,36,-18,122
2,450,-57,1,36,-65,106
2,451,-57,1,36,-98,77
2,452,-57,1,36,-121,29
2,453,-57,1,36,-125,-18
2,454,-57,1,36,-113,-69
2,455,-57,1,36,-87,-106
2,456,-57,1,36,-45,-132
2,457,-57,1,36,-2,-140
2,458,-57,1,36,47,-130
2,459,-57,1,36,85,-107
2,460,-57,1,36,116,-67
2,461,-57,1,36,130,-25
2,462,-57,1,36,126,26
2,463,-57,1,36,109,68
2,464,-57,1,36,76,105
2,465,-57,1,36,39,125
2,466,-57,1,36,-7,131
2,467,-57,1,36,-51,120
2,468,-57,1,36,-96,90
2,469,-57,1,36,-124,54
2,470,-57,1,36,-136,4
2,471,-57,1,36,-127,-41
2,472,-57,1,36,-100,-86
2,473,-57,1,36,-65,-114
2,474,-57,1,36,-19,-129
2,475,-57,1,36,23,-127
2,476,-57,1,36,69,-107
2,477,-57,1,36,101,-75
2,478,-57,1,36,122,-27
2,479,-57,1,36,125,19
2,480,-57,1,36,108,68
2,481,-57,1,36,77,103
2,482,-57,1,36,29,127
2,483,-57,1,36,-19,130
2,484,-57,1,36,-68,114
2,485,-57,1,36,-101,85
2,486,-57,1,36,-123,41
2,487,-57,1,36,-129,-3
2,488,-57,1,36,-121,-50
2,489,-57,1,36,-101,-87
2,490,-57,1,36,-65,-116
2,491,-57,1,36,-25,-130
2,492,-57,1,36,25,-130
2,493,-57,1,36,68,-117
2,494,-57,1,36,107,-83
2,495,-57,1,36,128,-41
2,496,-57,1,36,132,15
2,497,-57,1,36,117,60
2,498,-57,1,36,86,101
2,499,-57,1,36,47,123
2,500,-57,1,36,-4,132
2,501,-57,1,36,-51,125
2,502,-57,1,36,-98,97
2,503,-57,1,36,-127,59
2,504,-57,1,36,-140,7
2,505,-57,1,36,-132,-40
2,506,-57,1,36,-106,-84
2,507,-57,1,36,-72,-112
2,508,-57,1,36,-26,-127
2,509,-57,1,36,18,-126
2,510,-57,1,36,64,-108
3,0,-58,2,14,68,85
3,1,-58,2,14,29,104
3,2,-58,2,14,-5,110
3,3,-58,2,14,-41,100
3,4,-58,2,14,-75,75
3,5,-58,2,14,-98,43
3,6,-58,2,14,-111,1
3,7,-58,2,14,-108,-36
3,8,-58,2,14,-88,-73
3,9,-58,2,14,-53,-96
3,10,-58,2,14,-15,-107
3,11,-58,2,14,29,-103
3,12,-58,2,14,64,-90
3,13,-58,2,14,92,-62
3,14,-58,2,14,106,-24
3,15,-58,2,14,105,14
3,16,-58,2,14,91,55
3,17,-58,2,14,69,85
3,18,-58,2,14,33,105
3,19,-58,2,14,-10,110
3,20,-58,2,14,-50,100
3,21,-58,2,14,-88,75
3,22,-58,2,14,-107,40
3,23,-58,2,14,-110,-5
3,24,-58,2,14,-97,-47
3,25,-58,2,14,-77,-78
3,26,-58,2,14,-46,-99
3,27,-58,2,14,-16,-107
3,28,-58,2,14,23,-104
3,29,-58,2,14,61,-89
3,30,-58,2,14,89,-64
3,31,-58,2,14,107,-27
3,32,-58,2,14,107,11
3,33,-58,2,14,91,52
3,34,-58,2,14,63,85
3,35,-58,2,14,32,104
3,36,-58,2,14,-5,112
3,37,-58,2,14,-37,107
3,38,-58,2,14,-71,88
3,39,-58,2,14,-98,56
3,40,-58,2,14,-113,22
3,41,-58,2,14,-116,-19
3,42,-58,2,14,-103,-55
3,43,-58,2,14,-72,-88
3,44,-58,2,14,-28,-108
3,45,-58,2,14,13,-110
3,46,-58,2,14,54,-96
3,47,-58,2,14,84,-70
3,48,-58,2,14,107,-33
3,49,-58,2,14,112,9
3,50,-58,2,14,100,45
3,51,-58,2,14,70,79
3,52,-58,2,14,36,99
3,53,-58,2,14,-5,107
3,54,-58,2,14,-43,98
3,55,-58,2,14,-73,78
3,56,-58,2,14,-98,45
3,57,-58,2,14,-110,9
3,58,-58,2,14,-109,-32
3,59,-58,2,14,-91,-71
3,60,-58,2,14,-64,-98
3,61,-58,2,14,-23,-115
3,62,-58,2,14,16,-114
3,63,-58,2,14,58,-95
3,64,-58,2,14,89,-63
3,65,-58,2,14,105,-29
3,66,-58,2,14,109,10
3,67,-58,2,14,100,45
3,68,-58,2,14,79,81
3,69,-58,2,14,45,109
3,70,-58,2,14,8,120
3,71,-58,2,14,-38,113
3,72,-58,2,14,-74,91
3,73,-58,2,14,-104,55
3,74,-58,2,14,-115,13
3,75,-58,2,14,-107,-26
3,76,-58,2,14,-82,-67
3,77,-58,2,14,-53,-96
3,78,-58,2,14,-16,-114
3,79,-58,2,14,20,-114
3,80,-58,2,14,53,-99
3,81,-58,2,14,83,-69
3,82,-58,2,14,102,-34
3,83,-58,2,14,109,9
3,84,-58,2,14,98,50
3,85,-58,2,14,78,80
3,86,-58,2,14,43,104
3,87,-58,2,14,6,111
3,88,-58,2,14,-40,104
3,89,-58,2,14,-80,80
3,90,-58,2,14,-103,48
3,91,-58,2,14,-113,5
3,92,-58,2,14,-106,-34
3,93,-58,2,14,-83,-71
3,94,-58,2,14,-49,-97
3,95,-58,2,14,-16,-107
3,96,-58,2,14,22,-106
3,97,-58,2,14,52,-96
3,98,-58,2,14,80,-75
3,99,-58,2,14,101,-42
3,100,-58,2,14,110,-6
3,101,-58,2,14,105,38
3,102,-58,2,14,86,73
3,103,-58,2,14,53,102
3,104,-58,2,14,15,114
3,105,-58,2,14,-19,111
3,106,-58,2,14,-53,94
3,107,-58,2,14,-79,71
3,108,-58,2,14,-99,36
3,109,-58,2,14,-106,-4
3,110,-58,2,14,-100,-39
3,111,-58,2,14,-80,-76
3,112,-58,2,14,-49,-100
3,113,-58,2,14,-14,-110
3,114,-58,2,14,24,-109
3,115,-58,2,14,56,-97
3,116,-58,2,14,83,-69
3,117,-58,2,14,101,-28
3,118,-58,2,14,104,14
3,119,-58,2,14,92,58
3,120,-58,2,14,69,89
3,121,-58,2,14,33,107
3,122,-58,2,14,-10,109
3,123,-58,2,14,-48,97
3,124,-58,2,14,-84,73
3,125,-58,2,14,-105,44
3,126,-58,2,14,-114,6
3,127,-58,2,14,-107,-33
3,128,-58,2,14,-89,-67
3,129,-58,2,14,-55,-96
3,130,-58,2,14,-19,-109
3,131,-58,2,14,26,-105
3,132,-58,2,14,66,-85
3,133,-58,2,14,93,-55
3,134,-58,2,14,109,-13
3,135,-58,2,14,108,26
3,136,-58,2,14,91,66
3,137,-58,2,14,61,97
3,138,-58,2,14,28,114
3,139,-58,2,14,-13,119
3,140,-58,2,14,-50,108
3,141,-58,2,14,-85,80
3,142,-58,2,14,-106,39
3,143,-58,2,14,-112,-2
3,144,-58,2,14,-103,-44
3,145,-58,2,14,-84,-76
3,146,-58,2,14,-53,-102
3,147,-58,2,14,-13,-113
3,148,-58,2,14,24,-110
3,149,-58,2,14,62,-92
3,150,-58,2,14,89,-65
3,151,-58,2,14,108,-26
3,152,-58,2,14,112,15
3,153,-58,2,14,102,50
3,154,-58,2,14,80,83
3,155,-58,2,14,51,103
3,156,-58,2,14,12,113
3,157,-58,2,14,-29,106
3,158,-58,2,14,-62,88
3,159,-58,2,14,-90,56
3,160,-58,2,14,-105,22
3,161,-58,2,14,-108,-17
3,162,-58,2,14,-96,-54
3,163,-58,2,14,-75,-81
3,164,-58,2,14,-39,-102
3,165,-58,2,14,0,-110
3,166,-58,2,14,43,-104
3,167,-58,2,14,78,-83
3,168,-58,2,14,98,-56
3,169,-58,2,14,107,-17
3,170,-58,2,14,104,19
3,171,-58,2,14,89,58
3,172,-58,2,14,61,89
3,173,-58,2,14,30,106
3,174,-58,2,14,-12,110
3,175,-58,2,14,-48,100
3,176,-58,2,14,-83,72
3,177,-58,2,14,-105,30
3,178,-58,2,14,-109,-12
3,179,-58,2,14,-98,-56
3,180,-58,2,14,-75,-87
3,181,-58,2,14,-42,-110
3,182,-58,2,14,-3,-118
3,183,-58,2,14,32,-113
3,184,-58,2,14,70,-91
3,185,-58,2,14,97,-59
3,186,-58,2,14,113,-16
3,187,-58,2,14,110,28
3,188,-58,2,14,93,62
3,189,-58,2,14,60,91
3,190,-58,2,14,21,107
3,191,-58,2,14,-26,110
3,192,-58,2,14,-68,97
3,193,-58,2,14,-96,71
3,194,-58,2,14,-114,32
3,195,-58,2,14,-117,-7
3,196,-58,2,14,-103,-49
3,197,-58,2,14,-75,-84
3,198,-58,2,14,-40,-103
3,199,-58,2,14,4,-108
3,200,-58,2,14,41,-99
3,201,-58,2,14,76,-75
3,202,-58,2,14,99,-41
3,203,-58,2,14,105,-5
3,204,-58,2,14,98,36
3,205,-58,2,14,79,71
3,206,-58,2,14,47,101
3,207,-58,2,14,6,115
3,208,-58,2,14,-31,110
3,209,-58,2,14,-67,90
3,210,-58,2,14,-92,63
3,211,-58,2,14,-106,28
3,212,-58,2,14,-108,-11
3,213,-58,2,14,-99,-46
3,214,-58,2,14,-75,-82
3,215,-58,2,14,-45,-103
3,216,-58,2,14,-5,-111
3,217,-58,2,14,33,-102
3,218,-58,2,14,63,-83
3,219,-58,2,14,88,-55
3,220,-58,2,14,102,-27
3,221,-58,2,14,107,10
3,222,-58,2,14,97,50
3,223,-58,2,14,75,81
3,224,-58,2,14,38,104
3,225,-58,2,14,-1,110
3,226,-58,2,14,-47,100
3,227,-58,2,14,-85,74
3,228,-58,2,14,-106,43
3,229,-58,2,14,-112,2
3,230,-58,2,14,-102,-35
3,231,-58,2,14,-79,-72
3,232,-58,2,14,-45,-99
3,233,-58,2,14,-10,-111
3,234,-58,2,14,33,-108
3,235,-58,2,14,68,-90
3,236,-58,2,14,97,-58
3,237,-58,2,14,111,-18
3,238,-58,2,14,112,18
3,239,-58,2,14,96,57
3,240,-58,2,14,71,84
3,241,-58,2,14,30,103
3,242,-58,2,14,-15,109
3,243,-58,2,14,-53,99
3,244,-58,2,14,-86,71
3,245,-58,2,14,-101,35
3,246,-58,2,14,-106,-12
3,247,-58,2,14,-98,-55
3,248,-58,2,14,-79,-85
3,249,-58,2,14,-46,-103
3,250,-58,2,14,-10,-110
3,251,-58,2,14,32,-105
3,252,-58,2,14,70,-89
3,253,-58,2,14,95,-65
3,254,-58,2,14,109,-27
3,255,-58,2,14,109,10
3,256,-58,2,14,96,50
3,257,-58,2,14,71,81
3,258,-58,2,14,41,99
3,259,-58,2,14,1,106
3,260,-58,2,14,-36,99
3,261,-58,2,14,-72,78
3,262,-58,2,14,-96,44
3,263,-58,2,14,-107,10
3,264,-58,2,14,-104,-30
3,265,-58,2,14,-88,-61
3,266,-58,2,14,-58,-87
3,267,-58,2,14,-20,-102
3,268,-58,2,14,17,-104
3,269,-58,2,14,55,-93
3,270,-58,2,14,83,-74
3,271,-58,2,14,104,-42
3,272,-58,2,14,111,-3
3,273,-58,2,14,102,34
3,274,-58,2,14,82,71
3,275,-58,2,14,55,97
3,276,-58,2,14,19,112
3,277,-58,2,14,-20,112
3,278,-58,2,14,-54,99
3,279,-58,2,14,-85,71
3,280,-58,2,14,-104,39
3,281,-58,2,14,-112,-1
3,282,-58,2,14,-105,-41
3,283,-58,2,14,-85,-74
3,284,-58,2,14,-48,-100
3,285,-58,2,14,-8,-110
3,286,-58,2,14,38,-103
3,287,-58,2,14,76,-79
3,288,-58,2,14,99,-48
3,289,-58,2,14,111,-5
3,290,-58,2,14,109,35
3,291,-58,2,14,90,74
3,292,-58,2,14,56,101
3,293,-58,2,14,18,112
3,294,-58,2,14,-25,110
3,295,-58,2,14,-59,96
3,296,-58,2,14,-89,68
3,297,-58,2,14,-106,29
3,298,-58,2,14,-108,-10
3,299,-58,2,14,-94,-52
3,300,-58,2,14,-68,-82
3,301,-58,2,14,-31,-102
3,302,-58,2,14,9,-106
3,303,-58,2,14,42,-100
3,304,-58,2,14,73,-80
3,305,-58,2,14,95,-51
3,306,-58,2,14,109,-9
3,307,-58,2,14,108,32
3,308,-58,2,14,95,64
3,309,-58,2,14,67,91
3,310,-58,2,14,35,104
3,311,-58,2,14,-6,108
3,312,-58,2,14,-46,96
3,313,-58,2,14,-77,71
3,314,-58,2,14,-101,32
3,315,-58,2,14,-108,-8
3,316,-58,2,14,-99,-49
3,317,-58,2,14,-75,-79
3,318,-58,2,14,-46,-97
3,319,-58,2,14,-7,-105
3,320,-58,2,14,28,-102
3,321,-58,2,14,67,-84
3,322,-58,2,14,99,-52
3,323,-58,2,14,118,-15
3,324,-58,2,14,119,29
3,325,-58,2,14,103,64
3,326,-58,2,14,70,92
3,327,-58,2,14,28,107
3,328,-58,2,14,-12,109
3,329,-58,2,14,-52,96
3,330,-58,2,14,-81,74
3,331,-58,2,14,-103,39
3,332,-58,2,14,-112,-2
3,333,-58,2,14,-106,-39
3,334,-58,2,14,-85,-77
3,335,-58,2,14,-54,-101
3,336,-58,2,14,-10,-115
3,337,-58,2,14,35,-112
3,338,-58,2,14,70,-96
3,339,-58,2,14,99,-65
3,340,-58,2,14,112,-29
3,341,-58,2,14,110,16
3,342,-58,2,14,93,56
3,343,-58,2,14,68,85
3,344,-58,2,14,31,104
3,345,-58,2,14,-8,109
3,346,-58,2,14,-50,98
3,347,-58,2,14,-85,71
3,348,-58,2,14,-105,36
3,349,-58,2,14,-112,-7
3,350,-58,2,14,-106,-44
3,351,-58,2,14,-85,-81
3,352,-58,2,14,-49,-106
3,353,-58,2,14,-10,-117
3,354,-58,2,14,35,-113
3,355,-58,2,14,68,-94
3,356,-58,2,14,94,-59
3,357,-58,2,14,106,-18
3,358,-58,2,14,105,20
3,359,-58,2,14,90,59
3,360,-58,2,14,67,86
3,361,-58,2,14,33,105
3,362,-58,2,14,-4,111
3,363,-58,2,14,-37,106
3,364,-58,2,14,-69,87
3,365,-58,2,14,-91,60
3,366,-58,2,14,-107,20
3,367,-58,2,14,-111,-26
3,368,-58,2,14,-100,-65
3,369,-58,2,14,-70,-95
3,370,-58,2,14,-34,-108
3,371,-58,2,14,13,-107
3,372,-58,2,14,57,-93
3,373,-58,2,14,87,-70
3,374,-58,2,14,107,-36
3,375,-58,2,14,111,0
3,376,-58,2,14,102,42
3,377,-58,2,14,79,77
3,378,-58,2,14,49,100
3,379,-58,2,14,9,112
3,380,-58,2,14,-29,109
3,381,-58,2,14,-70,89
3,382,-58,2,14,-100,52
3,383,-58,2,14,-114,12
3,384,-58,2,14,-109,-33
3,385,-58,2,14,-93,-65
3,386,-58,2,14,-62,-91
3,387,-58,2,14,-26,-103
3,388,-58,2,14,10,-106
3,389,-58,2,14,49,-96
3,390,-58,2,14,80,-77
3,391,-58,2,14,101,-43
3,392,-58,2,14,106,0
3,393,-58,2,14,97,36
3,394,-58,2,14,79,70
3,395,-58,2,14,57,91
3,396,-58,2,14,24,103
3,397,-58,2,14,-14,104
3,398,-58,2,14,-49,91
3,399,-58,2,14,-83,62
3,400,-58,2,14,-105,23
3,401,-58,2,14,-109,-17
3,402,-58,2,14,-95,-58
3,403,-58,2,14,-69,-87
3,404,-58,2,14,-33,-108
3,405,-58,2,14,7,-114
3,406,-58,2,14,39,-105
3,407,-58,2,14,72,-84
3,408,-58,2,14,95,-55
3,409,-58,2,14,108,-14
3,410,-58,2,14,104,29
3,411,-58,2,14,87,63
3,412,-58,2,14,56,91
3,413,-58,2,14,25,105
3,414,-58,2,14,-15,105
3,415,-58,2,14,-53,91
3,416,-58,2,14,-82,68
3,417,-58,2,14,-105,32
3,418,-58,2,14,-111,-5
3,419,-58,2,14,-101,-48
3,420,-58,2,14,-78,-86
3,421,-58,2,14,-47,-109
3,422,-58,2,14,-6,-116
3,423,-58,2,14,31,-109
3,424,-58,2,14,68,-86
3,425,-58,2,14,95,-53
3,426,-58,2,14,108,-18
3,427,-58,2,14,108,24
3,428,-58,2,14,95,59
3,429,-58,2,14,69,90
3,430,-58,2,14,32,108
3,431,-58,2,14,-5,110
3,432,-58,2,14,-46,98
3,433,-58,2,14,-79,76
3,434,-58,2,14,-105,42
3,435,-58,2,14,-115,4
3,436,-58,2,14,-111,-31
3,437,-58,2,14,-92,-65
3,438,-58,2,14,-65,-89
3,439,-58,2,14,-25,-106
3,440,-58,2,14,17,-107
3,441,-58,2,14,51,-95
3,442,-58,2,14,81,-67
3,443,-58,2,14,98,-36
3,444,-58,2,14,107,5
3,445,-58,2,14,103,45
3,446,-58,2,14,84,76
3,447,-58,2,14,51,102
3,448,-58,2,14,14,113
3,449,-58,2,14,-29,110
3,450,-58,2,14,-65,92
3,451,-58,2,14,-89,63
3,452,-58,2,14,-105,21
3,453,-58,2,14,-107,-18
3,454,-58,2,14,-95,-57
3,455,-58,2,14,-67,-87
3,456,-58,2,14,-31,-102
3,457,-58,2,14,15,-107
3,458,-58,2,14,54,-98
3,459,-58,2,14,86,-75
3,460,-58,2,14,104,-41
3,461,-58,2,14,108,-5
3,462,-58,2,14,100,35
3,463,-58,2,14,83,68
3,464,-58,2,14,52,94
3,465,-58,2,14,16,105
3,466,-58,2,14,-20,103
3,467,-58,2,14,-57,89
3,468,-58,2,14,-85,68
3,469,-58,2,14,-106,38
3,470,-58,2,14,-113,1
3,471,-58,2,14,-105,-34
3,472,-58,2,14,-84,-75
3,473,-58,2,14,-53,-104
3,474,-58,2,14,-12,-121
3,475,-58,2,14,31,-117
3,476,-58,2,14,65,-97
3,477,-58,2,14,93,-62
3,478,-58,2,14,108,-25
3,479,-58,2,14,109,19
3,480,-58,2,14,96,59
3,481,-58,2,14,72,87
3,482,-58,2,14,35,108
3,483,-58,2,14,-4,112
3,484,-58,2,14,-48,100
3,485,-58,2,14,-84,72
3,486,-58,2,14,-106,38
3,487,-58,2,14,-115,-5
3,488,-58,2,14,-107,-42
3,489,-58,2,14,-83,-76
3,490,-58,2,14,-48,-100
3,491,-58,2,14,-13,-111
3,492,-58,2,14,28,-109
3,493,-58,2,14,61,-94
3,494,-58,2,14,90,-64
3,495,-58,2,14,109,-23
3,496,-58,2,14,111,15
3,497,-58,2,14,95,55
3,498,-58,2,14,65,85
3,499,-58,2,14,22,107
3,500,-58,2,14,-24,113
3,501,-58,2,14,-61,101
3,502,-58,2,14,-92,69
3,503,-58,2,14,-109,32
3,504,-58,2,14,-116,-11
3,505,-58,2,14,-107,-49
3,506,-58,2,14,-88,-76
3,507,-58,2,14,-55,-98
3,508,-58,2,14,-18,-109
3,509,-58,2,14,27,-110
3,510,-58,2,14,68,-95
4,0,-51,1,29,-238,109
4,1,-51,1,29,-238,31
4,2,-51,1,29,-227,-56
4,3,-51,1,29,-189,-148
4,4,-51,1,29,-129,-208
4,5,-51,1,29,-41,-241
4,6,-51,1,29,41,-239
4,7,-51,1,29,119,-207
4,8,-51,1,29,188,-140
4,9,-51,1,29,226,-63
4,10,-51,1,29,237,34
4,11,-51,1,29,213,116
4,12,-51,1,29,150,192
4,13,-51,1,29,72,232
4,14,-51,1,29,-28,244
4,15,-51,1,29,-111,220
4,16,-51,1,29,-186,166
4,17,-51,1,29,-227,99
4,18,-51,1,29,-244,23
4,19,-51,1,29,-231,-65
4,20,-51,1,29,-194,-137
4,21,-51,1,29,-127,-201
4,22,-51,1,29,-51,-235
4,23,-51,1,29,44,-237
4,24,-51,1,29,123,-207
4,25,-51,1,29,193,-140
4,26,-51,1,29,229,-62
4,27,-51,1,29,237,23
4,28,-51,1,29,213,113
4,29,-51,1,29,165,177
4,30,-51,1,29,91,226
4,31,-51,1,29,13,242
4,32,-51,1,29,-78,230
4,33,-51,1,29,-151,189
4,34,-51,1,29,-214,115
4,35,-51,1,29,-243,30
4,36,-51,1,29,-241,-58
4,37,-51,1,29,-201,-147
4,38,-51,1,29,-139,-205
4,39,-51,1,29,-51,-238
4,40,-51,1,29,31,-237
4,41,-51,1,29,119,-201
4,42,-51,1,29,182,-142
4,43,-51,1,29,225,-57
4,44,-51,1,29,233,24
4,45,-51,1,29,214,100
4,46,-51,1,29,164,172
4,47,-51,1,29,104,217
4,48,-51,1,29,27,241
4,49,-51,1,29,-47,236
4,50,-51,1,29,-126,201
4,51,-51,1,29,-185,144
4,52,-51,1,29,-229,62
4,53,-51,1,29,-239,-21
4,54,-51,1,29,-214,-112
4,55,-51,1,29,-162,-181
4,56,-51,1,29,-87,-227
4,57,-51,1,29,12,-242
4,58,-51,1,29,97,-224
4,59,-51,1,29,175,-171
4,60,-51,1,29,221,-105
4,61,-51,1,29,241,-19
4,62,-51,1,29,231,59
4,63,-51,1,29,191,142
4,64,-51,1,29,131,198
4,65,-51,1,29,55,232
4,66,-51,1,29,-40,237
4,67,-51,1,29,-120,210
4,68,-51,1,29,-194,149
4,69,-51,1,29,-237,75
4,70,-51,1,29,-252,-19
4,71,-51,1,29,-231,-102
4,72,-51,1,29,-170,-179
4,73,-51,1,29,-93,-225
4,74,-51,1,29,-9,-242
4,75,-51,1,29,82,-226
4,76,-51,1,29,151,-188
4,77,-51,1,29,208,-124
4,78,-51,1,29,237,-54
4,79,-51,1,29,244,32
4,80,-51,1,29,223,107
4,81,-51,1,29,170,178
4,82,-51,1,29,99,220
4,83,-51,1,29,3,237
4,84,-51,1,29,-84,222
4,85,-51,1,29,-158,181
4,86,-51,1,29,-216,109
4,87,-51,1,29,-238,31
4,88,-51,1,29,-232,-60
4,89,-51,1,29,-199,-136
4,90,-51,1,29,-135,-201
4,91,-51,1,29,-63,-236
4,92,-51,1,29,27,-242
4,93,-51,1,29,102,-220
4,94,-51,1,29,164,-174
4,95,-51,1,29,211,-100
4,96,-51,1,29,228,-21
4,97,-51,1,29,216,73
4,98,-51,1,29,177,149
4,99,-51,1,29,106,213
4,100,-51,1,29,25,237
4,101,-51,1,29,-70,224
4,102,-51,1,29,-145,181
4,103,-51,1,29,-201,121
4,104,-51,1,29,-237,42
4,105,-51,1,29,-239,-32
4,106,-51,1,29,-211,-114
4,107,-51,1,29,-159,-179
4,108,-51,1,29,-78,-228
4,109,-51,1,29,3,-242
4,110,-51,1,29,93,-221
4,111,-51,1,29,162,-178
4,112,-51,1,29,218,-109
4,113,-51,1,29,243,-37
4,114,-51,1,29,241,40
4,115,-51,1,29,207,125
4,116,-51,1,29,152,189
4,117,-51,1,29,71,236
4,118,-51,1,29,-8,246
4,119,-51,1,29,-97,223
4,120,-51,1,29,-163,176
4,121,-51,1,29,-218,102
4,122,-51,1,29,-241,25
4,123,-51,1,29,-238,-53
4,124,-51,1,29,-207,-134
4,125,-51,1,29,-156,-193
4,126,-51,1,29,-80,-235
4,127,-51,1,29,-2,-250
4,128,-51,1,29,88,-233
4,129,-51,1,29,159,-190
4,130,-51,1,29,216,-113
4,131,-51,1,29,237,-29
4,132,-51,1,29,226,60
4,133,-51,1,29,178,148
4,134,-51,1,29,110,204
4,135,-51,1,29,18,232
4,136,-51,1,29,-65,224
4,137,-51,1,29,-149,182
4,138,-51,1,29,-205,124
4,139,-51,1,29,-241,45
4,140,-51,1,29,-243,-32
4,141,-51,1,29,-219,-108
4,142,-51,1,29,-165,-180
4,143,-51,1,29,-98,-223
4,144,-51,1,29,-10,-241
4,145,-51,1,29,71,-231
4,146,-51,1,29,152,-186
4,147,-51,1,29,208,-122
4,148,-51,1,29,239,-31
4,149,-51,1,29,235,53
4,150,-51,1,29,195,138
4,151,-51,1,29,133,195
4,152,-51,1,29,53,226
4,153,-51,1,29,-46,228
4,154,-51,1,29,-127,197
4,155,-51,1,29,-200,133
4,156,-51,1,29,-237,57
4,157,-51,1,29,-246,-36
4,158,-51,1,29,-222,-115
4,159,-51,1,29,-166,-189
4,160,-51,1,29,-94,-232
4,161,-51,1,29,-10,-248
4,162,-51,1,29,85,-228
4,163,-51,1,29,159,-183
4,164,-51,1,29,218,-106
4,165,-51,1,29,244,-27
4,166,-51,1,29,235,66
4,167,-51,1,29,197,140
4,168,-51,1,29,126,204
4,169,-51,1,29,48,235
4,170,-51,1,29,-36,239
4,171,-51,1,29,-123,210
4,172,-51,1,29,-186,160
4,173,-51,1,29,-233,83
4,174,-51,1,29,-246,5
4,175,-51,1,29,-230,-84
4,176,-51,1,29,-188,-156
4,177,-51,1,29,-118,-220
4,178,-51,1,29,-42,-249
4,179,-51,1,29,46,-244
4,180,-51,1,29,120,-213
4,181,-51,1,29,181,-159
4,182,-51,1,29,224,-80
4,183,-51,1,29,239,-1
4,184,-51,1,29,222,91
4,185,-51,1,29,180,164
4,186,-51,1,29,109,220
4,187,-51,1,29,34,241
4,188,-51,1,29,-54,230
4,189,-51,1,29,-126,196
4,190,-51,1,29,-186,144
4,191,-51,1,29,-231,72
4,192,-51,1,29,-244,-1
4,193,-51,1,29,-228,-86
4,194,-51,1,29,-184,-155
4,195,-51,1,29,-110,-215
4,196,-51,1,29,-29,-240
4,197,-51,1,29,66,-231
4,198,-51,1,29,142,-196
4,199,-51,1,29,200,-139
4,200,-51,1,29,236,-58
4,201,-51,1,29,242,21
4,202,-51,1,29,216,109
4,203,-51,1,29,168,175
4,204,-51,1,29,90,224
4,205,-51,1,29,9,240
4,206,-51,1,29,-82,224
4,207,-51,1,29,-153,183
4,208,-51,1,29,-213,110
4,209,-51,1,29,-241,30
4,210,-51,1,29,-241,-52
4,211,-51,1,29,-209,-136
4,212,-51,1,29,-156,-192
4,213,-51,1,29,-77,-234
4,214,-51,1,29,3,-245
4,215,-51,1,29,93,-227
4,216,-51,1,29,166,-185
4,217,-51,1,29,225,-108
4,218,-51,1,29,247,-25
4,219,-51,1,29,236,62
4,220,-51,1,29,187,148
4,221,-51,1,29,119,205
4,222,-51,1,29,27,239
4,223,-51,1,29,-60,239
4,224,-51,1,29,-149,205
4,225,-51,1,29,-208,147
4,226,-51,1,29,-245,59
4,227,-51,1,29,-246,-27
4,228,-51,1,29,-223,-109
4,229,-51,1,29,-171,-184
4,230,-51,1,29,-106,-227
4,231,-51,1,29,-16,-246
4,232,-51,1,29,71,-230
4,233,-51,1,29,160,-176
4,234,-51,1,29,218,-107
4,235,-51,1,29,244,-13
4,236,-51,1,29,232,70
4,237,-51,1,29,189,143
4,238,-51,1,29,115,203
4,239,-51,1,29,39,231
4,240,-51,1,29,-46,233
4,241,-51,1,29,-116,208
4,242,-51,1,29,-184,155
4,243,-51,1,29,-226,90
4,244,-51,1,29,-248,4
4,245,-51,1,29,-237,-77
4,246,-51,1,29,-190,-161
4,247,-51,1,29,-122,-216
4,248,-51,1,29,-39,-246
4,249,-51,1,29,59,-244
4,250,-51,1,29,136,-211
4,251,-51,1,29,202,-147
4,252,-51,1,29,238,-76
4,253,-51,1,29,247,12
4,254,-51,1,29,228,88
4,255,-51,1,29,175,164
4,256,-51,1,29,105,213
4,257,-51,1,29,19,236
4,258,-51,1,29,-81,224
4,259,-51,1,29,-158,183
4,260,-51,1,29,-219,110
4,261,-51,1,29,-243,29
4,262,-51,1,29,-235,-65
4,263,-51,1,29,-196,-142
4,264,-51,1,29,-127,-206
4,265,-51,1,29,-50,-238
4,266,-51,1,29,33,-239
4,267,-51,1,29,123,-208
4,268,-51,1,29,189,-151
4,269,-51,1,29,232,-63
4,270,-51,1,29,239,25
4,271,-51,1,29,209,121
4,272,-51,1,29,153,190
4,273,-51,1,29,69,234
4,274,-51,1,29,-14,242
4,275,-51,1,29,-105,213
4,276,-51,1,29,-173,158
4,277,-51,1,29,-217,84
4,278,-51,1,29,-232,-11
4,279,-51,1,29,-213,-94
4,280,-51,1,29,-161,-174
4,281,-51,1,29,-95,-222
4,282,-51,1,29,-12,-246
4,283,-51,1,29,64,-238
4,284,-51,1,29,143,-199
4,285,-51,1,29,198,-142
4,286,-51,1,29,235,-71
4,287,-51,1,29,245,17
4,288,-51,1,29,228,92
4,289,-51,1,29,178,165
4,290,-51,1,29,112,213
4,291,-51,1,29,22,235
4,292,-51,1,29,-60,225
4,293,-51,1,29,-143,180
4,294,-51,1,29,-200,117
4,295,-51,1,29,-232,42
4,296,-51,1,29,-233,-48
4,297,-51,1,29,-204,-123
4,298,-51,1,29,-143,-194
4,299,-51,1,29,-72,-234
4,300,-51,1,29,14,-249
4,301,-51,1,29,90,-232
4,302,-51,1,29,164,-184
4,303,-51,1,29,216,-122
4,304,-51,1,29,245,-36
4,305,-51,1,29,242,46
4,306,-51,1,29,209,124
4,307,-51,1,29,143,193
4,308,-51,1,29,67,229
4,309,-51,1,29,-25,234
4,310,-51,1,29,-105,210
4,311,-51,1,29,-183,157
4,312,-51,1,29,-231,91
4,313,-51,1,29,-254,6
4,314,-51,1,29,-245,-72
4,315,-51,1,29,-209,-143
4,316,-51,1,29,-142,-207
4,317,-51,1,29,-66,-240
4,318,-51,1,29,26,-246
4,319,-51,1,29,102,-222
4,320,-51,1,29,174,-167
4,321,-51,1,29,220,-99
4,322,-51,1,29,243,-11
4,323,-51,1,29,239,67
4,324,-51,1,29,207,137
4,325,-51,1,29,142,199
4,326,-51,1,29,66,232
4,327,-51,1,29,-26,241
4,328,-51,1,29,-105,220
4,329,-51,1,29,-176,166
4,330,-51,1,29,-218,95
4,331,-51,1,29,-235,-1
4,332,-51,1,29,-221,-86
4,333,-51,1,29,-180,-161
4,334,-51,1,29,-109,-222
4,335,-51,1,29,-31,-247
4,336,-51,1,29,61,-244
4,337,-51,1,29,134,-212
4,338,-51,1,29,199,-147
4,339,-51,1,29,234,-70
4,340,-51,1,29,241,27
4,341,-51,1,29,218,108
4,342,-51,1,29,162,181
4,343,-51,1,29,89,224
4,344,-51,1,29,5,241
4,345,-51,1,29,-90,227
4,346,-51,1,29,-163,182
4,347,-51,1,29,-218,103
4,348,-51,1,29,-239,17
4,349,-51,1,29,-228,-81
4,350,-51,1,29,-191,-157
4,351,-51,1,29,-122,-218
4,352,-51,1,29,-42,-244
4,353,-51,1,29,46,-240
4,354,-51,1,29,139,-203
4,355,-51,1,29,204,-144
4,356,-51,1,29,246,-58
4,357,-51,1,29,248,30
4,358,-51,1,29,212,124
4,359,-51,1,29,157,192
4,360,-51,1,29,74,237
4,361,-51,1,29,-8,247
4,362,-51,1,29,-88,226
4,363,-51,1,29,-166,173
4,364,-51,1,29,-216,108
4,365,-51,1,29,-244,21
4,366,-51,1,29,-241,-57
4,367,-51,1,29,-207,-138
4,368,-51,1,29,-151,-195
4,369,-51,1,29,-68,-236
4,370,-51,1,29,14,-245
4,371,-51,1,29,103,-223
4,372,-51,1,29,168,-175
4,373,-51,1,29,214,-107
4,374,-51,1,29,238,-14
4,375,-51,1,29,230,71
4,376,-51,1,29,187,154
4,377,-51,1,29,125,208
4,378,-51,1,29,37,236
4,379,-51,1,29,-45,230
4,380,-51,1,29,-129,191
4,381,-51,1,29,-189,132
4,382,-51,1,29,-228,60
4,383,-51,1,29,-239,-27
4,384,-51,1,29,-219,-102
4,385,-51,1,29,-167,-173
4,386,-51,1,29,-99,-217
4,387,-51,1,29,-9,-239
4,388,-51,1,29,72,-230
4,389,-51,1,29,153,-190
4,390,-51,1,29,207,-131
4,391,-51,1,29,237,-57
4,392,-51,1,29,240,34
4,393,-51,1,29,214,111
4,394,-51,1,29,158,182
4,395,-51,1,29,89,225
4,396,-51,1,29,-2,244
4,397,-51,1,29,-84,232
4,398,-51,1,29,-164,184
4,399,-51,1,29,-215,119
4,400,-51,1,29,-240,29
4,401,-51,1,29,-231,-55
4,402,-51,1,29,-194,-132
4,403,-51,1,29,-124,-202
4,404,-51,1,29,-45,-238
4,405,-51,1,29,51,-243
4,406,-51,1,29,132,-211
4,407,-51,1,29,204,-142
4,408,-51,1,29,240,-61
4,409,-51,1,29,245,36
4,410,-51,1,29,216,116
4,411,-51,1,29,161,180
4,412,-51,1,29,78,225
4,413,-51,1,29,-4,239
4,414,-51,1,29,-97,218
4,415,-51,1,29,-167,174
4,416,-51,1,29,-223,100
4,417,-51,1,29,-246,22
4,418,-51,1,29,-235,-69
4,419,-51,1,29,-197,-141
4,420,-51,1,29,-138,-198
4,421,-51,1,29,-56,-237
4,422,-51,1,29,22,-245
4,423,-51,1,29,106,-224
4,424,-51,1,29,170,-180
4,425,-51,1,29,224,-108
4,426,-51,1,29,247,-32
4,427,-51,1,29,241,58
4,428,-51,1,29,202,134
4,429,-51,1,29,139,194
4,430,-51,1,29,49,231
4,431,-51,1,29,-34,235
4,432,-51,1,29,-117,204
4,433,-51,1,29,-178,153
4,434,-51,1,29,-224,79
4,435,-51,1,29,-242,7
4,436,-51,1,29,-232,-76
4,437,-51,1,29,-194,-144
4,438,-51,1,29,-124,-204
4,439,-51,1,29,-46,-234
4,440,-51,1,29,38,-237
4,441,-51,1,29,124,-208
4,442,-51,1,29,186,-156
4,443,-51,1,29,230,-75
4,444,-51,1,29,241,5
4,445,-51,1,29,224,93
4,446,-51,1,29,181,161
4,447,-51,1,29,107,214
4,448,-51,1,29,30,238
4,449,-51,1,29,-54,237
4,450,-51,1,29,-139,200
4,451,-51,1,29,-199,141
4,452,-51,1,29,-237,53
4,453,-51,1,29,-243,-31
4,454,-51,1,29,-219,-118
4,455,-51,1,29,-172,-180
4,456,-51,1,29,-94,-226
4,457,-51,1,29,-10,-238
4,458,-51,1,29,78,-224
4,459,-51,1,29,166,-174
4,460,-51,1,29,221,-104
4,461,-51,1,29,247,-11
4,462,-51,1,29,237,73
4,463,-51,1,29,194,157
4,464,-51,1,29,132,211
4,465,-51,1,29,44,242
4,466,-51,1,29,-40,243
4,467,-51,1,29,-128,212
4,468,-51,1,29,-190,158
4,469,-51,1,29,-230,84
4,470,-51,1,29,-242,-11
4,471,-51,1,29,-226,-94
4,472,-51,1,29,-182,-174
4,473,-51,1,29,-123,-224
4,474,-51,1,29,-41,-251
4,475,-51,1,29,38,-246
4,476,-51,1,29,123,-208
4,477,-51,1,29,185,-147
4,478,-51,1,29,223,-67
4,479,-51,1,29,232,33
4,480,-51,1,29,204,117
4,481,-51,1,29,142,192
4,482,-51,1,29,68,231
4,483,-51,1,29,-19,241
4,484,-51,1,29,-93,226
4,485,-51,1,29,-163,183
4,486,-51,1,29,-211,126
4,487,-51,1,29,-242,55
4,488,-51,1,29,-247,-34
4,489,-51,1,29,-222,-111
4,490,-51,1,29,-162,-181
4,491,-51,1,29,-92,-223
4,492,-51,1,29,-5,-242
4,493,-51,1,29,69,-231
4,494,-51,1,29,146,-192
4,495,-51,1,29,203,-134
4,496,-51,1,29,241,-50
4,497,-51,1,29,244,34
4,498,-51,1,29,213,117
4,499,-51,1,29,143,193
4,500,-51,1,29,58,232
4,501,-51,1,29,-41,236
4,502,-51,1,29,-121,205
4,503,-51,1,29,-190,141
4,504,-51,1,29,-230,67
4,505,-51,1,29,-242,-25
4,506,-51,1,29,-220,-104
4,507,-51,1,29,-167,-172
4,508,-51,1,29,-79,-225
4,509,-51,1,29,11,-242
4,510,-51,1,29,108,-221
5,0,-51,2,7,-218,95
5,1,-51,2,7,-242,-4
5,2,-51,2,7,-225,-89
5,3,-51,2,7,-169,-169
5,4,-51,2,7,-94,-218
5,5,-51,2,7,4,-236
5,6,-51,2,7,100,-213
5,7,-51,2,7,169,-159
5,8,-51,2,7,219,-74
5,9,-51,2,7,233,12
5,10,-51,2,7,217,101
5,11,-51,2,7,175,164
5,12,-51,2,7,103,210
5,13,-51,2,7,25,229
5,14,-51,2,7,-67,223
5,15,-51,2,7,-149,187
5,16,-51,2,7,-202,129
5,17,-51,2,7,-233,40
5,18,-51,2,7,-234,-45
5,19,-51,2,7,-205,-131
5,20,-51,2,7,-154,-190
5,21,-51,2,7,-74,-226
5,22,-51,2,7,10,-229
5,23,-51,2,7,104,-204
5,24,-51,2,7,174,-158
5,25,-51,2,7,227,-87
5,26,-51,2,7,246,-2
5,27,-51,2,7,232,77
5,28,-51,2,7,186,158
5,29,-51,2,7,120,209
5,30,-51,2,7,33,238
5,31,-51,2,7,-50,231
5,32,-51,2,7,-136,190
5,33,-51,2,7,-196,130
5,34,-51,2,7,-235,41
5,35,-51,2,7,-234,-55
5,36,-51,2,7,-201,-134
5,37,-51,2,7,-131,-199
5,38,-51,2,7,-50,-228
5,39,-51,2,7,48,-226
5,40,-51,2,7,129,-193
5,41,-51,2,7,197,-129
5,42,-51,2,7,231,-55
5,43,-51,2,7,236,34
5,44,-51,2,7,210,120
5,45,-51,2,7,161,183
5,46,-51,2,7,84,229
5,47,-51,2,7,2,245
5,48,-51,2,7,-93,225
5,49,-51,2,7,-166,179
5,50,-51,2,7,-218,103
5,51,-51,2,7,-235,25
5,52,-51,2,7,-219,-66
5,53,-51,2,7,-181,-139
5,54,-51,2,7,-117,-204
5,55,-51,2,7,-39,-242
5,56,-51,2,7,38,-244
5,57,-51,2,7,120,-212
5,58,-51,2,7,180,-157
5,59,-51,2,7,224,-77
5,60,-51,2,7,236,4
5,61,-51,2,7,216,93
5,62,-51,2,7,173,161
5,63,-51,2,7,100,214
5,64,-51,2,7,10,235
5,65,-51,2,7,-72,224
5,66,-51,2,7,-153,177
5,67,-51,2,7,-207,110
5,68,-51,2,7,-238,18
5,69,-51,2,7,-234,-67
5,70,-51,2,7,-194,-152
5,71,-51,2,7,-131,-207
5,72,-51,2,7,-39,-237
5,73,-51,2,7,58,-231
5,74,-51,2,7,134,-199
5,75,-51,2,7,199,-137
5,76,-51,2,7,232,-68
5,77,-51,2,7,238,19
5,78,-51,2,7,214,96
5,79,-51,2,7,152,171
5,80,-51,2,7,76,215
5,81,-51,2,7,-22,231
5,82,-51,2,7,-105,214
5,83,-51,2,7,-180,161
5,84,-51,2,7,-226,78
5,85,-51,2,7,-236,-10
5,86,-51,2,7,-213,-108
5,87,-51,2,7,-165,-180
5,88,-51,2,7,-89,-233
5,89,-51,2,7,-7,-245
5,90,-51,2,7,84,-223
5,91,-51,2,7,156,-178
5,92,-51,2,7,212,-103
5,93,-51,2,7,235,-13
5,94,-51,2,7,226,69
5,95,-51,2,7,182,151
5,96,-51,2,7,119,202
5,97,-51,2,7,33,228
5,98,-51,2,7,-48,222
5,99,-51,2,7,-131,187
5,100,-51,2,7,-189,135
5,101,-51,2,7,-232,59
5,102,-51,2,7,-242,-28
5,103,-51,2,7,-219,-107
5,104,-51,2,7,-158,-180
5,105,-51,2,7,-82,-222
5,106,-51,2,7,15,-235
5,107,-51,2,7,98,-216
5,108,-51,2,7,174,-162
5,109,-51,2,7,218,-92
5,110,-51,2,7,234,0
5,111,-51,2,7,214,95
5,112,-51,2,7,166,168
5,113,-51,2,7,84,223
5,114,-51,2,7,1,239
5,115,-51,2,7,-89,220
5,116,-51,2,7,-156,176
5,117,-51,2,7,-211,107
5,118,-51,2,7,-235,34
5,119,-51,2,7,-230,-55
5,120,-51,2,7,-196,-130
5,121,-51,2,7,-126,-197
5,122,-51,2,7,-37,-233
5,123,-51,2,7,46,-232
5,124,-51,2,7,132,-195
5,125,-51,2,7,190,-134
5,126,-51,2,7,228,-45
5,127,-51,2,7,233,37
5,128,-51,2,7,208,122
5,129,-51,2,7,159,180
5,130,-51,2,7,81,222
5,131,-51,2,7,-11,235
5,132,-51,2,7,-93,221
5,133,-51,2,7,-170,174
5,134,-51,2,7,-216,110
5,135,-51,2,7,-235,21
5,136,-51,2,7,-224,-64
5,137,-51,2,7,-182,-148
5,138,-51,2,7,-123,-203
5,139,-51,2,7,-38,-236
5,140,-51,2,7,57,-233
5,141,-51,2,7,135,-198
5,142,-51,2,7,202,-129
5,143,-51,2,7,231,-47
5,144,-51,2,7,227,49
5,145,-51,2,7,193,126
5,146,-51,2,7,130,193
5,147,-51,2,7,57,228
5,148,-51,2,7,-33,237
5,149,-51,2,7,-111,218
5,150,-51,2,7,-183,165
5,151,-51,2,7,-227,87
5,152,-51,2,7,-238,6
5,153,-51,2,7,-218,-86
5,154,-51,2,7,-175,-156
5,155,-51,2,7,-104,-212
5,156,-51,2,7,-29,-233
5,157,-51,2,7,59,-224
5,158,-51,2,7,134,-185
5,159,-51,2,7,202,-117
5,160,-51,2,7,241,-32
5,161,-51,2,7,241,49
5,162,-51,2,7,202,133
5,163,-51,2,7,140,193
5,164,-51,2,7,52,232
5,165,-51,2,7,-31,235
5,166,-51,2,7,-117,204
5,167,-51,2,7,-179,151
5,168,-51,2,7,-224,70
5,169,-51,2,7,-237,-19
5,170,-51,2,7,-217,-98
5,171,-51,2,7,-166,-174
5,172,-51,2,7,-100,-221
5,173,-51,2,7,-16,-244
5,174,-51,2,7,61,-235
5,175,-51,2,7,142,-193
5,176,-51,2,7,199,-130
5,177,-51,2,7,235,-40
5,178,-51,2,7,234,46
5,179,-51,2,7,195,133
5,180,-51,2,7,127,197
5,181,-51,2,7,50,225
5,182,-51,2,7,-43,224
5,183,-51,2,7,-120,194
5,184,-51,2,7,-191,134
5,185,-51,2,7,-229,62
5,186,-51,2,7,-240,-29
5,187,-51,2,7,-217,-106
5,188,-51,2,7,-160,-179
5,189,-51,2,7,-78,-227
5,190,-51,2,7,6,-240
5,191,-51,2,7,97,-221
5,192,-51,2,7,165,-177
5,193,-51,2,7,216,-100
5,194,-51,2,7,235,-17
5,195,-51,2,7,224,78
5,196,-51,2,7,188,151
5,197,-51,2,7,120,207
5,198,-51,2,7,33,232
5,199,-51,2,7,-50,226
5,200,-51,2,7,-137,189
5,201,-51,2,7,-196,132
5,202,-51,2,7,-236,46
5,203,-51,2,7,-241,-38
5,204,-51,2,7,-213,-125
5,205,-51,2,7,-159,-187
5,206,-51,2,7,-73,-228
5,207,-51,2,7,26,-233
5,208,-51,2,7,112,-204
5,209,-51,2,7,187,-137
5,210,-51,2,7,226,-57
5,211,-51,2,7,233,40
5,212,-51,2,7,208,119
5,213,-51,2,7,152,189
5,214,-51,2,7,80,228
5,215,-51,2,7,-14,239
5,216,-51,2,7,-99,219
5,217,-51,2,7,-180,168
5,218,-51,2,7,-233,95
5,219,-51,2,7,-247,18
5,220,-51,2,7,-228,-70
5,221,-51,2,7,-188,-140
5,222,-51,2,7,-123,-200
5,223,-51,2,7,-53,-232
5,224,-51,2,7,30,-239
5,225,-51,2,7,104,-219
5,226,-51,2,7,174,-166
5,227,-51,2,7,221,-83
5,228,-51,2,7,234,7
5,229,-51,2,7,211,105
5,230,-51,2,7,161,176
5,231,-51,2,7,80,225
5,232,-51,2,7,-3,237
5,233,-51,2,7,-95,219
5,234,-51,2,7,-165,176
5,235,-51,2,7,-219,105
5,236,-51,2,7,-239,18
5,237,-51,2,7,-228,-63
5,238,-51,2,7,-183,-143
5,239,-51,2,7,-119,-197
5,240,-51,2,7,-28,-226
5,241,-51,2,7,59,-223
5,242,-51,2,7,149,-186
5,243,-51,2,7,208,-129
5,244,-51,2,7,241,-44
5,245,-51,2,7,236,40
5,246,-51,2,7,195,130
5,247,-51,2,7,123,200
5,248,-51,2,7,40,233
5,249,-51,2,7,-55,232
5,250,-51,2,7,-129,203
5,251,-51,2,7,-192,143
5,252,-51,2,7,-226,74
5,253,-51,2,7,-237,-14
5,254,-51,2,7,-217,-92
5,255,-51,2,7,-162,-168
5,256,-51,2,7,-80,-222
5,257,-51,2,7,5,-242
5,258,-51,2,7,97,-232
5,259,-51,2,7,165,-190
5,260,-51,2,7,217,-113
5,261,-51,2,7,236,-27
5,262,-51,2,7,229,73
5,263,-51,2,7,194,150
5,264,-51,2,7,125,209
5,265,-51,2,7,37,234
5,266,-51,2,7,-48,229
5,267,-51,2,7,-134,194
5,268,-51,2,7,-192,141
5,269,-51,2,7,-229,63
5,270,-51,2,7,-236,-14
5,271,-51,2,7,-215,-100
5,272,-51,2,7,-173,-167
5,273,-51,2,7,-100,-221
5,274,-51,2,7,-20,-241
5,275,-51,2,7,75,-229
5,276,-51,2,7,161,-182
5,277,-51,2,7,215,-117
5,278,-51,2,7,239,-26
5,279,-51,2,7,229,57
5,280,-51,2,7,182,143
5,281,-51,2,7,117,200
5,282,-51,2,7,30,231
5,283,-51,2,7,-51,230
5,284,-51,2,7,-133,195
5,285,-51,2,7,-196,133
5,286,-51,2,7,-228,58
5,287,-51,2,7,-231,-38
5,288,-51,2,7,-201,-118
5,289,-51,2,7,-133,-190
5,290,-51,2,7,-51,-223
5,291,-51,2,7,52,-226
5,292,-51,2,7,137,-193
5,293,-51,2,7,208,-127
5,294,-51,2,7,241,-40
5,295,-51,2,7,239,41
5,296,-51,2,7,201,125
5,297,-51,2,7,142,184
5,298,-51,2,7,58,226
5,299,-51,2,7,-25,236
5,300,-51,2,7,-113,211
5,301,-51,2,7,-178,157
5,302,-51,2,7,-226,72
5,303,-51,2,7,-238,-23
5,304,-51,2,7,-217,-105
5,305,-51,2,7,-162,-180
5,306,-51,2,7,-91,-223
5,307,-51,2,7,2,-240
5,308,-51,2,7,84,-226
5,309,-51,2,7,163,-179
5,310,-51,2,7,212,-116
5,311,-51,2,7,240,-30
5,312,-51,2,7,238,50
5,313,-51,2,7,206,129
5,314,-51,2,7,150,189
5,315,-51,2,7,82,221
5,316,-51,2,7,-5,232
5,317,-51,2,7,-83,218
5,318,-51,2,7,-160,172
5,319,-51,2,7,-208,105
5,320,-51,2,7,-234,10
5,321,-51,2,7,-225,-78
5,322,-51,2,7,-179,-163
5,323,-51,2,7,-108,-217
5,324,-51,2,7,-31,-237
5,325,-51,2,7,60,-226
5,326,-51,2,7,136,-190
5,327,-51,2,7,201,-123
5,328,-51,2,7,231,-47
5,329,-51,2,7,232,45
5,330,-51,2,7,203,122
5,331,-51,2,7,144,189
5,332,-51,2,7,63,227
5,333,-51,2,7,-20,231
5,334,-51,2,7,-111,203
5,335,-51,2,7,-178,151
5,336,-51,2,7,-224,68
5,337,-51,2,7,-234,-17
5,338,-51,2,7,-205,-109
5,339,-51,2,7,-151,-178
5,340,-51,2,7,-67,-226
5,341,-51,2,7,15,-237
5,342,-51,2,7,102,-215
5,343,-51,2,7,173,-162
5,344,-51,2,7,216,-93
5,345,-51,2,7,236,-4
5,346,-51,2,7,225,78
5,347,-51,2,7,180,157
5,348,-51,2,7,111,208
5,349,-51,2,7,15,231
5,350,-51,2,7,-73,218
5,351,-51,2,7,-157,168
5,352,-51,2,7,-213,97
5,353,-51,2,7,-235,22
5,354,-51,2,7,-227,-63
5,355,-51,2,7,-191,-134
5,356,-51,2,7,-124,-195
5,357,-51,2,7,-49,-229
5,358,-51,2,7,41,-237
5,359,-51,2,7,114,-216
5,360,-51,2,7,179,-164
5,361,-51,2,7,223,-87
5,362,-51,2,7,238,-7
5,363,-51,2,7,228,83
5,364,-51,2,7,191,151
5,365,-51,2,7,121,206
5,366,-51,2,7,44,231
5,367,-51,2,7,-49,225
5,368,-51,2,7,-125,192
5,369,-51,2,7,-192,125
5,370,-51,2,7,-228,48
5,371,-51,2,7,-233,-45
5,372,-51,2,7,-201,-130
5,373,-51,2,7,-145,-191
5,374,-51,2,7,-62,-232
5,375,-51,2,7,20,-239
5,376,-51,2,7,108,-215
5,377,-51,2,7,173,-165
5,378,-51,2,7,224,-86
5,379,-51,2,7,241,-3
5,380,-51,2,7,220,89
5,381,-51,2,7,164,167
5,382,-51,2,7,91,214
5,383,-51,2,7,-5,233
5,384,-51,2,7,-87,219
5,385,-51,2,7,-164,172
5,386,-51,2,7,-211,107
5,387,-51,2,7,-234,18
5,388,-51,2,7,-227,-65
5,389,-51,2,7,-188,-148
5,390,-51,2,7,-121,-208
5,391,-51,2,7,-45,-235
5,392,-51,2,7,48,-236
5,393,-51,2,7,126,-209
5,394,-51,2,7,194,-148
5,395,-51,2,7,230,-73
5,396,-51,2,7,236,24
5,397,-51,2,7,214,108
5,398,-51,2,7,159,182
5,399,-51,2,7,84,226
5,400,-51,2,7,6,235
5,401,-51,2,7,-83,214
5,402,-51,2,7,-153,172
5,403,-51,2,7,-211,101
5,404,-51,2,7,-234,24
5,405,-51,2,7,-226,-67
5,406,-51,2,7,-188,-142
5,407,-51,2,7,-120,-207
5,408,-51,2,7,-44,-237
5,409,-51,2,7,48,-234
5,410,-51,2,7,132,-197
5,411,-51,2,7,191,-139
5,412,-51,2,7,228,-53
5,413,-51,2,7,230,29
5,414,-51,2,7,198,117
5,415,-51,2,7,144,180
5,416,-51,2,7,66,226
5,417,-51,2,7,-12,236
5,418,-51,2,7,-98,212
5,419,-51,2,7,-172,158
5,420,-51,2,7,-219,87
5,421,-51,2,7,-241,-6
5,422,-51,2,7,-224,-90
5,423,-51,2,7,-166,-171
5,424,-51,2,7,-93,-221
5,425,-51,2,7,1,-243
5,426,-51,2,7,81,-233
5,427,-51,2,7,157,-190
5,428,-51,2,7,210,-121
5,429,-51,2,7,234,-44
5,430,-51,2,7,228,49
5,431,-51,2,7,193,125
5,432,-51,2,7,126,192
5,433,-51,2,7,49,229
5,434,-51,2,7,-45,240
5,435,-51,2,7,-121,215
5,436,-51,2,7,-189,155
5,437,-51,2,7,-225,75
5,438,-51,2,7,-229,-26
5,439,-51,2,7,-199,-119
5,440,-51,2,7,-147,-184
5,441,-51,2,7,-66,-228
5,442,-51,2,7,17,-239
5,443,-51,2,7,107,-217
5,444,-51,2,7,174,-169
5,445,-51,2,7,222,-88
5,446,-51,2,7,234,-6
5,447,-51,2,7,217,84
5,448,-51,2,7,172,160
5,449,-51,2,7,115,208
5,450,-51,2,7,35,236
5,451,-51,2,7,-45,230
5,452,-51,2,7,-132,187
5,453,-51,2,7,-195,123
5,454,-51,2,7,-235,33
5,455,-51,2,7,-238,-52
5,456,-51,2,7,-206,-135
5,457,-51,2,7,-141,-196
5,458,-51,2,7,-64,-226
5,459,-51,2,7,32,-228
5,460,-51,2,7,113,-200
5,461,-51,2,7,186,-144
5,462,-51,2,7,226,-74
5,463,-51,2,7,240,14
5,464,-51,2,7,220,92
5,465,-51,2,7,168,171
5,466,-51,2,7,98,220
5,467,-51,2,7,6,241
5,468,-51,2,7,-87,220
5,469,-51,2,7,-157,171
5,470,-51,2,7,-210,87
5,471,-51,2,7,-228,0
5,472,-51,2,7,-210,-97
5,473,-51,2,7,-164,-166
5,474,-51,2,7,-88,-217
5,475,-51,2,7,-9,-236
5,476,-51,2,7,80,-226
5,477,-51,2,7,159,-186
5,478,-51,2,7,211,-128
5,479,-51,2,7,240,-41
5,480,-51,2,7,233,44
5,481,-51,2,7,192,133
5,482,-51,2,7,131,194
5,483,-51,2,7,46,232
5,484,-51,2,7,-36,236
5,485,-51,2,7,-122,205
5,486,-51,2,7,-190,144
5,487,-51,2,7,-228,70
5,488,-51,2,7,-240,-21
5,489,-51,2,7,-219,-100
5,490,-51,2,7,-166,-174
5,491,-51,2,7,-97,-217
5,492,-51,2,7,-7,-237
5,493,-51,2,7,72,-225
5,494,-51,2,7,151,-183
5,495,-51,2,7,208,-111
5,496,-51,2,7,236,-30
5,497,-51,2,7,230,69
5,498,-51,2,7,192,148
5,499,-51,2,7,116,212
5,500,-51,2,7,31,237
5,501,-51,2,7,-66,228
5,502,-51,2,7,-141,189
5,503,-51,2,7,-199,119
5,504,-51,2,7,-224,41
5,505,-51,2,7,-224,-52
5,506,-51,2,7,-196,-136
5,507,-51,2,7,-149,-193
5,508,-51,2,7,-76,-234
5,509,-51,2,7,2,-244
5,510,-51,2,7,92,-222
